:020000040800F2
:10000000C0BE0024A503000887C100087B79000852
:10001000D5C00008A93A000899DC000800000000DB
:10002000000000000000000000000000E1CD00081A
:10003000DB3D00080000000089C10008E3CD000896
:10004000C3030008C3030008C3030008C303000878
:10005000C3030008C3030008C3030008C303000868
:10006000C3030008C3030008C3030008D93D000808
:10007000C3030008C3030008C3030008C303000848
:10008000C3030008C3030008C3030008C303000838
:10009000C3030008C3030008C3030008C303000828
:1000A000C3030008C3030008C3030008C303000818
:1000B000C3030008C3030008C3030008C303000808
:1000C000C3030008C3030008C3030008C3030008F8
:1000D000C3030008B5DB0008C1DB0008CDDB000866
:1000E000C3030008C303000800000000C3030008A6
:1000F000C3030008C3030008C3030008C3030008C8
:10010000C3030008C3030008C3030008C3030008B7
:10011000C3030008C3030008C3030008C3030008A7
:10012000C3030008C3030008C3030008C303000897
:10013000C3030008C3030008C3030008C303000887
:1001400000000000000000000000000000000000AF
:10015000C3030008C3030008C3030008D9DB000879
:10016000C3030008C3030008C3030008C303000857
:10017000C3030008C3030008C30300080000000015
:10018000C3030008C3030008C3030008C303000837
:10019000C3030008C3030008C3030008C303000827
:1001A000C3030008C3030008C3030008C303000817
:1001B000C3030008C3030008C3030008C303000807
:1001C000C3030008C3030008C3030008C3030008F7
:1001D000C3030008C3030008C3030008C3030008E7
:1001E000C3030008C3030008C3030008C3030008D7
:1001F000C3030008C3030008C3030008C3030008C7
:10020000C3030008C3030008C3030008C3030008B6
:10021000C3030008C3030008C3030008C3030008A6
:10022000C3030008C3030008C30300080000000064
:10023000C3030008C303000800000000C303000854
:10024000C3030008C3030008C3030008C303000876
:10025000C3030008C3030008C3030008C303000866
:10026000C3030008C3030008C3030008C303000856
:10027000C3030008C3030008C30300080000000014
:10028000C3030008C3030008C30300080000000004
:1002900000000000C303000800F002F800F072F84C
:1002A0000AA090E8000C82448344AAF10107DA45D1
:1002B00001D100F067F8AFF2090EBAE80F0013F0B1
:1002C000010F18BFFB1A43F001031847E03001008B
:1002D00000310100103A24BF78C878C1FAD852071B
:1002E00024BF30C830C144BF04680C6070470000B0
:1002F0000023002400250026103A28BF78C1FBD82F
:10030000520728BF30C148BF0B6070476E2900F00C
:100310009F81702900F06A8266290FF002856929A1
:1003200000F05A81642900F05781752900F054814A
:100330006F2900F0FF81782900F04B820368DB0908
:1003400028BF41F08001632901F01181732901F078
:100350001681E32901F02181002070471FB50FF0BD
:10036000DBFC01F01BFA0400002000210FF0A8FCC8
:10037000401C6060002000210FF0B8FCE0601FBD51
:1003800010B510BD01F0C8FC1146FFF7E7FF0EF0F5
:10039000A2FF01F0E6FC03B4FFF7F2FF03BC01F09B
:1003A000E9FC00000A4880470A4880470A4800479D
:1003B000FEE7FEE7FEE7FEE7FEE7FEE7FEE7FEE715
:1003C000FEE7FEE705480649064A074B704700006E
:1003D000E13D000889CE000899020008C0AC002465
:1003E000C0BE0024C0AE0024C0AE002453EA020CFC
:1003F00000F069802DE9F04B4FF00006002B1FBF85
:10040000B3FA83F503FA05F424FA05F65E4012BF49
:100410001643B2FA82F502FA05F4C5F120051EBFB3
:1004200022FA05FC44EA0C04203556EA044C4FEA53
:10043000144418BF641C4FF000084FF000099042AC
:1004400071EB030C39D3002919BFB1FA81F701FA16
:1004500007F6B0FA80F700FA07F6C7F120071EBFCB
:1004600020FA07FC46EA0C062037B6FBF4FCA7EBA3
:100470000507103F07F01F0BCBF120060CFA0BFB12
:100480002CFA06F644BFB3460026202FA4BF5E46D2
:100490004FF0000B5BEA060C08BF4FF0010B19EBA5
:1004A0000B09ABFB027C48EB0608C01B06FB02CC29
:1004B0000BFB03CC71EB0C01C1E70B460246414636
:1004C0004846BDE8F08B13B54FF000004FF0000137
:1004D000AFF30080BDE81C40704700000FB47CB54E
:1004E0000C0009AA009001D02044401E084B7B4418
:1004F00069460190089801F010F805461CB10020EB
:10050000694601F01DF828467CBC5DF814FB00002C
:100510005910000070B5044685690068C10601D510
:10052000302600E02026C00707D070BDD4E90121A5
:1005300030469047206A401C20626D1EF6D570BD83
:1005400070B5044685690078C00707D170BDD4E94D
:10055000012120209047206A401C20626D1EF6D5A4
:1005600070BD09684A0501D540B27047C905FCD580
:1005700000B2704709684A0501D5C0B27047C90585
:10058000FCD580B2704770B50C460546012A05D0EF
:100590002878800600D5EA69002302E0012305E0FF
:1005A0005B1C934202D2E05C0028F9D1A869E618EE
:1005B000C01AA861286A184428622846FFF7AAFFD3
:1005C00004E0D5E9012114F8010B9047B442F8D3B7
:1005D0002846FFF7B5FF70BD2DE9F041064600241F
:1005E00010687529314616A510D0FFF7BAFF00280C
:1005F00002DA404213A507E031688A0701D512A547
:1006000002E0490704D511A5012401E0FFF7B2FF7C
:1006100000210A2206F1240709E0B0FBF2FCB0FB3E
:10062000F2F302FB1C00303078541846491C0028B5
:10063000F3D123462A463046BDE8F04100F000BD24
:10064000000000002D0000002B0000002000000032
:1006500011680268006A530501D508700AE0D305E5
:1006600001D5088006E0130603D5C217C1E90002D0
:1006700000E00860012070472DE9FF5F15468A46BB
:100680000446DFF8AC80F8440027D8E900103E4665
:10069000CDE9001010E03AF816106A4602A801F001
:1006A0001CF8411C07D02178890603D5E269391866
:1006B00091420DD80744761C2078800602D5E06967
:1006C000B84205DDAE42E6DB3AF816000028E2D17A
:1006D000A069C01BA0612046FFF71CFFD8E90010ED
:1006E000CDE90010002017E03AF818106A4602A879
:1006F00000F0F3FFB0F1FF3F81460BD000250DF174
:10070000080B05E0D4E901211BF8050090476D1C9A
:100710004D45F7D308F10100B0428046E4DB206A82
:10072000384420622046FFF70BFFBDE8FF9F000022
:10073000A226010070B5044621461068FFF71AFF93
:10074000002104F1240505E000F007023032C00862
:100750006A54491C0028F7D12068002307A2050726
:1007600007D5800600D421B1E069012304A2401E10
:10077000E0612046BDE8704000F062BC000000006F
:1007800030000000F0B40D460188090502D51B4C6D
:100790007C4402E0194C7C440E34002100F1240317
:1007A00005E002F00F061209A65D5E54491C002AFE
:1007B000F7D102780023120704D5702D06D009B1B5
:1007C000022311342246F0BC00F03ABC012310345D
:1007D000F8E770B504460D4621461068FFF7CAFEDB
:1007E000024629462046BDE87040CBE70368126800
:1007F00043F0200303600823C361C3E7A025010081
:100800002DE9F05F894604464FF0000ADFF874B125
:10081000FB44C0F820A02046E1688847002874D037
:10082000252806D0D4E901219047206A401C206287
:10083000F1E700265F462046E16888472028054604
:1008400007DB312D05D2781910F8200C08B10643CA
:10085000F1E7B00701D526F00406C4F81CA0002774
:10086000C4F818A02A2D09D028460DF0B0FD38B3E1
:1008700004EB8708303DC8F8185019E059F8041BFC
:10088000204604EB87029161E1688847012F054605
:1008900018D1E069002820DA26F020061DE0D8F8FB
:1008A000180000EB800005EB40003038C8F8180055
:1008B0002046E168884705460DF089FD0028EED105
:1008C000012F0AD02E2D08D12046E16888477F1CD1
:1008D0000546022F46F02006C4DBA069002803DA93
:1008E000404246F00106A061F00701D026F0100654
:1008F0006C2D0BD0682D09D04C2D39D06A2D35D0F8
:10090000742D35D07A2D33D016E038E0E1682F46CB
:1009100020468847B842054609D16C2F26D04FF4AF
:100920008060E168064320468847054604E06C2F56
:100930001AD04FF4807006430DB3A5F14100192879
:1009400002D8203546F400664A46294620462660ED
:100950004E46FFF7DBFC80B101280BD0F61D26F0D8
:10096000070000F1080956E74020E4E78020D8E7B7
:100970000020D6E706F104094DE7284652E7206A31
:10098000BDE8F09F482501000FB400B58DB010A957
:10099000099000910B904FF0FF300A9000200C90CE
:1009A000064878440690064878446A4607900F99AE
:1009B00009A800F013FE0DB05DF814FB570C000001
:1009C0006F0C00002DE9FF5F1D464FF0FF3B914685
:1009D0004FF000085F46D5E90146A96901987F1CE0
:1009E0008847296A824688470028F6D1BAF1FF3F36
:1009F0000CD0002E24F4C06419DD600614D5BAF1C1
:100A00002B0F09D0BAF12D0F0ED103E0584604B0D8
:100A1000BDE8F09F44F48064A96901987F1C884771
:100A2000761E8246002E02DDBAF1300F03D0B9F1F6
:100A3000000F26D032E0A969761E01987F1C44F48D
:100A400000748847002E824605DDBAF1780F06D083
:100A5000BAF1580F03D0B9F1000F10D01EE0B9F170
:100A6000000F02D0B9F1100F18D1A969761E0198B4
:100A70007F1C24F4007488478246102002E008207E
:100A800000E00A20814609E0A96908FB0908761EF2
:100A900001987F1C44F4007488478246002E05DDCF
:100AA0004946504600F085FD0028EDDAE9690198D5
:100AB0008847A00502D46FF00100A8E7E00725D120
:100AC000600613D5600502D5C8F1000000E040467D
:100AD00029680A1D2A600968220501D5087015E0F9
:100AE000220701D5088011E008600FE02868011D89
:100AF00029600068210502D580F8008006E0210702
:100B000002D5A0F8008001E0C0F8008038467EE7FA
:100B10002DE9F04791460F4680460446002614F81A
:100B2000015B2DB100F080FA0068405DC007F6D18E
:100B30002B2D02D02D2D18D0641E4A463946204652
:100B400000F07CFD27B13968A14201D1C7F80080CF
:100B50004FF0020471050BD54042002803DD00F080
:100B60006BFA0460A007BDE8F08746F48066E4E70E
:100B70000028F8DA00F060FA04606FF00040F2E755
:100B80002DE9F05F93460F4680460446002600F0AC
:100B900053FAD0F80090824614F8015B2DB100F0B2
:100BA00043FA0068405DC007F6D12B2D02D02D2DF1
:100BB0001AD0641E0021CAF800105A463946204651
:100BC00000F03CFD014627B13868A04201D1C7F8CA
:100BD0000080DAF80000022809D0CAF800907005F9
:100BE00005D54842BDE8F09F46F48066E2E7084636
:100BF000F8E7401ECAB210F8011F8A4202D000294D
:100C0000F9D10020704730B505460B462A4613F847
:100C1000014B12F8010B08B1A042F8D01CB100281A
:100C200002D06D1CF1E7284630BD40EA01030246C0
:100C300030B59B0710D14FF0013400E008C208C95D
:100C40001D1B9D4315EAC41FF8D013F0FF0102F8E5
:100C5000011B0DD01B0AF8E711F8013B002B02F82D
:100C6000013B05D011F8013B002B02F8013BF3D109
:100C700030BD0022CBB210F8011B994200D1421EB8
:100C80000029F8D11046704710B5431C02E010F857
:100C9000011B71B18107FAD14FF0013202C88C1AE1
:100CA0008C4314EAC211F9D0C01A0A0603D0C01E40
:100CB00010BDC01A10BD0A0401D0801E10BD09026B
:100CC000FCD0401E10BD40EA010370B59B072ED139
:100CD0004FF00136042A2AD308C810C99D1B9D4332
:100CE000121F15EAC61517D0D8B2E1B2401A50EA61
:100CF000056110D198B2A1B2401A50EA05410AD15B
:100D000023F07F4024F07F41401A50EA052102D1B0
:100D1000180EA0EB146070BDA342DBD018BA21BA44
:100D2000884201D9012070BD4FF0FF3070BD0AB973
:100D3000002070BD10F8013B11F8014B63B1A342D4
:100D40000AD1521E08D010F8013B11F8014B1BB11B
:100D5000A34201D1521EEDD1181B70BD032A40F2EF
:100D6000308010F0030C00F0158011F8013BBCF14D
:100D7000020F624498BF11F801CB00F8013B38BF65
:100D800011F8013BA2F1040298BF00F801CB38BF73
:100D900000F8013B11F0030300F06780083AC0F04F
:100DA000088051F8043B083A51F804CBA0E8081039
:100DB000F5E7121D5CBF51F8043B40F8043BAFF36C
:100DC0000080D20724BF11F8013B11F801CB48BFC6
:100DD00011F8012B24BF00F8013B00F801CB48BFFC
:100DE00000F8012B7047431A28BF9A427FF6B6AF2E
:100DF000032A1044114440F2268010F0030F1EBF56
:100E000011F8013D521E00F8013D10F0030F7FF470
:100E1000F6AF11F0030300F09384083AC0F00B80A2
:100E200051F8043D083A51F804CD40F8043D40F82B
:100E300004CDFFF7F3BF121D5CBF51F8043D40F82D
:100E4000043DAFF30080D20724BF11F8013D11F833
:100E500001CD48BF11F8012C24BF00F8013D00F876
:100E600001CD48BF00F8012C704710B5203AC0F002
:100E70000B80B1E81850203AA0E81850B1E818509B
:100E8000A0E81850BFF4F5AF5FEA027C24BFB1E8D8
:100E90001850A0E8185044BF18C918C0BDE8104049
:100EA0005FEA827C24BF51F8043B40F8043B08BF52
:100EB0007047D20728BF31F8023B48BF11F8012B19
:100EC00028BF20F8023B48BF00F8012B70474FF0C5
:100ED00000020429C0F0128010F0030C00F01B8007
:100EE000CCF1040CBCF1020F18BF00F8012BA8BF15
:100EF00020F8022BA1EB0C0100F00DB85FEAC17CD9
:100F000024BF00F8012B00F8012B48BF00F8012B8B
:100F100070474FF0000200B51346944696462039BC
:100F200022BFA0E80C50A0E80C50B1F12001BFF4A2
:100F3000F7AF090728BFA0E80C5048BF0CC05DF808
:100F400004EB890028BF40F8042B08BF704748BF56
:100F500020F8022B11F0804F18BF00F8012B7047CA
:100F600010B5044610F0030F08BF11F0030F40F056
:100F700015804FF0013E121FC0F20E8051F8043B65
:100F8000A3EB0E0C2CEA030C1CEACE1C08BF40F8A5
:100F9000043BF0D0A1F1040102F10402521E08DB6F
:100FA00011F8013B002B00F8013BF7D11146FFF788
:100FB0008EFF204610BD00004FF0013C50F8042B7E
:100FC00051F8043B9A4215D1A2EB0C03934313EA68
:100FD000CC130BD150F8042B51F8043B9A4209D1A1
:100FE000A2EB0C03934313EACC13E7D04FF00000BD
:100FF000704700BFD01A01BAB1FA81F101F01801AF
:1010000022FA01F0CB40C1F12001DBB2C0B2C01A1C
:101010002CFA01F3D11A914311EAC311E6D17047BA
:10102000704770477047000010B500F0B7FB001D17
:1010300010BD00BF8DEC0000004870475CAC002480
:101040002DE9F0470D4699469246044600F12408E2
:101050000168880604D5E06921F01001216000E0F4
:101060000120A84201DD471B00E00027A1697A1991
:1010700002EB0900081AA0612078C00602D42046BD
:10108000FFF748FA002608E0D4E901211AF8060023
:101090009047206A401C761C20624E45F4DB207885
:1010A000C0060AD52046FFF735FA06E0D4E901214B
:1010B00030209047206A401C2062381EA7F10107AB
:1010C000F4DC07E0D4E9012118F805009047206A14
:1010D000401C2062281EA5F10105F3DC2046FFF725
:1010E0002FFA2078000602D50220BDE8F087012003
:1010F000FBE770472DE9FF4F0C461E464FF0FF37C8
:101100008BB0D2E90001DDF860800A908A46C1F315
:101110000A5505B93D46002108464FF00000BAF1D6
:10112000000F00F4400005DA00EB80004FF44001AE
:1011300001EA50004FEA9059B9F1010F00DDB946BC
:101140000A9850EA4A000ED044F61050A5F2FF3536
:1011500045432F14B8F1000F1ED07542291E1EDD25
:10116000C9F100021CE0B8F1010F4FF0000001D0FE
:10117000302103E0F24305E02154401CB042FBDB88
:1011800030460022002121540B99C1F80880C1E9A2
:1011900000200FB0BDE8F08FBD1B6D1CDEE74A4696
:1011A00000DA694206A800F045FD06AB93E80700A7
:1011B00003AB83E8070050460A9900F0E2FD8DE892
:1011C0000700A0F500501F3800900398002D0ADD9D
:1011D00042F21F014A460844002303A903906846CF
:1011E00001F04BF809E0A0F500504A461F380023F3
:1011F00003A90390684601F055F88DE80700000444
:10120000000C03D04FF0FF30410800E01046B8F169
:10121000000F03D00022009215461EE0751E05D473
:1012200000F0C0FA303262556D1EF9D5B346012286
:10123000084302D000227F1C04E02078302801D12E
:1012400000227F1E002A099784D01DE0112D07DAA5
:1012500000F0A8FA303262556D1C50EA0102F5D157
:10126000084302D00098C8B10EE00021681E05E0D6
:10127000235C625C63542254401E491C8142F7DBAC
:10128000AB46A81B401E0990002004F80B000B98E9
:10129000099AC0F80880C0E9002B7AE711264FF0C0
:1012A000000857E72DE9F04F88460446D21D22F08A
:1012B000070191B0D1E90001CDE90A010DF05EF816
:1012C00002460B98C00F01D02D2007E0206881074F
:1012D00001D52B2002E0202101EAC000032A099059
:1012E00001D0072A05DB03464146204600F0A8FA54
:1012F0000BE12078800601D5E06900E00620B8F116
:10130000650F814606D0B8F1660F18D0B8F1670FA7
:1013100070D131E00020B9F1110F009001DB1123F1
:1013200001E009F101030AAA01A90CA8FFF7E2FEF6
:10133000DDE90C70002609F10105834647E0012034
:101340004B4600904FF000470AAA01A90CA8FFF7EE
:10135000D1FEDDE90DB00C995D46002610B909F10A
:1013600001000D18B9EB050003D4C0F1FF3609F1F7
:101370000105A5EB09002BE0B9F1010F01DA4FF0EF
:1013800001090020B9F1110F0090484601DD112339
:1013900000E003460AAA01A90CA8FFF7ABFEDDE9AD
:1013A0000C704D4600268346207800070AD4AB45D2
:1013B00000DA5D4601A8012D04DD411911F8011C78
:1013C000302907D04F4502DA17F1040F04DA012063
:1013D00082460FE06D1EEEE7002F02DCED1B3E445F
:1013E00003E0781CA84200DD7D1CB81B00F1010A57
:1013F0004FF000472078000703D4AA4501DB4FF0E7
:10140000FF3A0021B7F1004F0DF143088DF843106A
:1014100024D002202B23002F01DA7F422D230A2122
:10142000021EA0F1010000DC5FB197FBF1FC97FB0D
:10143000F1F201FB1C7C17460CF1300C08F801CDD1
:10144000EEE7A8F1010003702188090501D54521C7
:1014500000E06521A0F1010800F8011C09980FA91E
:10146000A1EB0807FF1D00B10120411901EBEA7053
:10147000A1693844081A401EA0612078C00602D431
:101480002046FFF747F8099828B1D4E90121904791
:10149000206A401C20622078C00622D52046FFF733
:1014A00039F81EE0002E04DBB34502DD01A8805DA3
:1014B00000E03020D4E901219047206A401C2062DE
:1014C000761CAAF101005FEA000A0AD100F066F971
:1014D000C0680168405CD4E901219047206A401C43
:1014E0002062281EA5F10105DCDC07E0D4E901211A
:1014F00018F8010B9047206A401C2062381EA7F1A3
:101500000107F3DC2046FFF71BF8032011B041E68A
:1015100001694A1C02610878704700B58FB0CDE9B7
:1015200001310021059105497944CDE903101146A7
:101530006846FFF765F90FB000BD0000E5FFFFFF4B
:101540000A6802F8010B0A607047D1E900239A4249
:1015500002D2531C0B601070704710B5436913B171
:10156000AFF3008001E0FFF70EF8012010BD127804
:1015700000F124010A7000224A700122EDE711688F
:101580004FF0FF32E9E710B5436913B1AFF30080C4
:1015900001E0FFF771F8012010BD128800F124016D
:1015A00082840022C2840122EDE711684FF0FF32ED
:1015B000E9E73A2800D2303820F02002412A01D34E
:1015C000A2F13700884201D34FF0FF30704700008E
:1015D000026811441378016018467047D1600549CC
:1015E0007944516104497944116200211161114625
:1015F00000F066B9EDFFFFFF45020000426842B10E
:10160000016811F8013B23B1521EC0E900121846CF
:1016100070470121C160881E704742685AB1C36893
:10162000016843B983688B4205D0491E521CC0E94A
:101630000012002070474FF0FF3070472DE9F05F37
:10164000824615468B4600270AF10104B946007808
:10165000302801D09DB113E014F8010B0127782840
:1016600003D0582801D045B10AE00DB1102D07D1A3
:10167000002714F8010B102502E0082500E00A25D8
:101680000026B0460EE005FB080005FB06F1012729
:101690001FFA80F801EB1046B6F5803F00D3B9463B
:1016A00014F8010B2946FFF784FF0028EBDABBF1A1
:1016B000000F05D00FB1641E00E05446CBF8004087
:1016C000B9F1000F06D0FFF7B7FC02210160C81E78
:1016D000BDE8F09F48EA0640FAE770B516460C46AA
:1016E0000546FFF7A1FC036893F80101012806D025
:1016F000FF2C0FD8185D68B101202C7070BDD3F895
:1017000007013246214603F2071303442846BDE889
:10171000704018474FF0FF3070BD431A28BF9A42FF
:101720007FF6A3AB104410F0030F11441EBF11F855
:10173000013D521E00F8013D10F0030F7FF4F6AF9B
:10174000103AC0F00A8010B531E91850103A20E97B
:101750001850BFF4F9AFBDE81040530724BF31E97A
:10176000081020E9081044BF51F8043D40F8043D3A
:1017700012F0030F08BF7047D20728BF31F8023DAF
:1017800048BF11F8012C28BF20F8023D48BF00F8DF
:10179000012C7047004870475CAC0024004870473B
:1017A0007CAC002430B5B0F10A024FEA900E71F122
:1017B00000034EEA817EB0EB0E0061EB91014FEA2F
:1017C000101E4EEA017E10EB0E0041EB11114FEAA4
:1017D000102E4EEA016E10EB0E0041EB11214FEA84
:1017E000104E4EEA014E10EB0E0041EB1141401835
:1017F00041F100014FEAD00040EA41704FEAD101C7
:1018000010EB80054FEA810444EA907444EB010434
:101810006D1944EB0404521BA3414FF0000348BF71
:101820000A3200D530BD401C41F1000130BD10B579
:101830000446FFF7F9FB0068005D00F0010010BDF1
:101840002DE9F0411F46044603260168072A01F4EA
:10185000006004DB08B116A505E016A503E008B199
:1018600015A500E015A521F010002060A069C01E9C
:10187000A0610FB1401EA0612046FEF74BFE4FB1A4
:10188000D4E9012138469047206A401C2062C01CE0
:10189000206206E0206AFAE7D4E9012115F8010B7D
:1018A0009047761EF8D22046FEF74AFEBDE8F0814A
:1018B0004E414E006E616E00494E4600696E6600F4
:1018C0002DE9F34F4FF0000A0C4656468DB001202B
:1018D0000C9001F10C000B9062690B98012190476C
:1018E000051E2DD0252D2CD0216A8847C0B16269F4
:1018F0000B9801219047216A88470028F7D1626937
:10190000411E0B98904700E0761CA1690D9888470E
:10191000216A88470028F7D1E1690D988847DBE7FD
:10192000A1690D988847A842074601D1761CD3E7E4
:10193000E1690D9888477F1C02D1BAF1000F6FD082
:101940006CE162690B9800273D46394690472A288A
:1019500004D162690B98012190470125DFF8D082FC
:1019600062690B9801219047A0F130010A290AD23F
:101970004745E5DC07EB870100EB4107303FDFD44B
:1019800045F01005ECE7E90601D46FF000476C283C
:101990000AD04C2814D0682815D06A280DD0742895
:1019A0001CD07A281AD01DE062690B98012190475B
:1019B0006C2802D045F0040514E045F002050DE066
:1019C00045F020050AE062690B98012190476828DC
:1019D00002D045F0080505E045F4006562690B9802
:1019E00001219047C4E9015765283DD019DC5828EA
:1019F0007AD00CDC452837D004DC252826D04128B5
:101A00009ED131E046282FD0472899D12CE05B2881
:101A100077D0612828D063287CD0642823D15AE06D
:101A2000F7E06F2848D008DC66281DD067281BD057
:101A3000692821D06E2816D127E0702845D0732858
:101A400068D0752847D078280DD14DE0A1690D9850
:101A50008847252805463FF469AFE1690D98884716
:101A60006D1C3FF46AAFD9E00D9923466A466FF0CA
:101A70000100AFF30080C6E045F0400023464FF080
:101A800000026060A80736D43EE0E8077FF447AF65
:101A90002068011D21600068290501D506701BE73B
:101AA000290701D5068017E7A90703D5F117C0E973
:101AB000006111E706600FE745F0400023464FF054
:101AC00008026060A80716D41EE040F60E0125EA61
:101AD0000100606016E045F0400023464FF00A0226
:101AE0006060A80707D40FE045F040006060A807D9
:101AF00008D5234610220D996FF00100AFF3008046
:101B000081E007E0102223460D996FF00100FEF7F7
:101B100059FF78E04FF0000963284F46C8464B460E
:101B2000CB4602D05B2807D039E02079C00601D42B
:101B30000120A060012732E06269D4F80CB00B9854
:101B4000012190475E2807D14FF00109494662699B
:101B5000D4F80CB00B989047216939B900210A4696
:101B600003AB43F82120491C0829FADBD8B32169CB
:101B700049B308F1010862690B98012190475D287B
:101B8000F4D1B9F1000F09D0002003A951F82020A9
:101B9000D24341F82020401C0828F7DB03AB206922
:101BA000002820794FEA40701ED05B462246CDF8CF
:101BB0000080CDE901970D9900286FF0010020DA2F
:101BC000AFF300801FE0C11703AA00EBD1614B11F6
:101BD00021F01F0102EB8302411A136801208840A3
:101BE00003431360C7E719E00D99224600286FF000
:101BF0000100009702DAAFF3008004E0AFF3008049
:101C000001E0AFF3008000280ADA401C06D10C98EE
:101C100020B14FF0FF300FB0BDE8F08F5046FAE72B
:101C2000E90701D10AF1010A064400200C9053E6AD
:101C3000CCCCCC0C2DE9F047814616468AB035480D
:101C400078440DC88DE80D0032487844801C03AC00
:101C50000DC884E80D0041F69B300844372190FB05
:101C6000F1F290FBF1F5A5F1800501FB12041B3C9C
:101C700002D56442012000E00020DFF898A08046F1
:101C80000027FA44AAF1BE0A0EE0E0070AD0324665
:101C9000684607EB470101230AEB810100F002FBD4
:101CA0008DE8070064107F1C002CEED1194F7F4493
:101CB000AE3F19E0E80715D007EB04100DF1180A44
:101CC00090E80E008AE80E00C068F04201D1981931
:101CD00008903246012306A903A800F0E3FA03ABFB
:101CE00083E807006D10641C002DE3D14FF0010361
:101CF00032466946B8F1000F03A802D000F0BDFAE1
:101D000001E000F0CFFAC9E90001C9F808200AB0E3
:101D1000BDE8F087A81101007546FFF73BFDAE4610
:101D200005006946534620F00700854618B020B5E7
:101D3000FEF748FBBDE820404FF000064FF00007DB
:101D40004FF000084FF0000B21F00701AC46ACE863
:101D5000C009ACE8C009ACE8C009ACE8C0098D46D0
:101D6000704710B50446AFF300802046BDE8104030
:101D7000FEF711BB01491820ABBEFEE726000200AA
:101D800070475FEA400C08BF91F0000F4FEA8C23C8
:101D90004FEAC12243EA51514FEA1C5018BF00F5E7
:101DA000F0404FEA300018BF41F000415FEA6C5C40
:101DB00000F02980BCF1FF3F08BF40F08040704731
:101DC000130C06BF12044FF0100C4FF0000C130E52
:101DD00004BF12020CF1080C130F04BF12010CF126
:101DE000040C930F04BF92000CF1020CD30F04BF3C
:101DF00052000CF1010C11464FF00002A0F11F003F
:101E0000A0EB0C00704711F0004F08BF704731F095
:101E100000413FF4D5AF0B0C06BF09044FF0100C86
:101E20004FF0000C0B0E04BF09020CF1080C0B0F55
:101E300004BF09010CF1040C8B0F04BF89000CF1E5
:101E4000020CCB0F04BF49000CF1010CCCF12003B4
:101E5000A0EB0C0022FA03F302FA0CF241EA0301B0
:101E600000F10100704720F07F4C80EA030023F06E
:101E70007F47ACEB070303F57C5300F0004003F110
:101E8000FF032DE980494FEA154B09B44FEA14438B
:101E900025EA0B4E24EA03480FF2042606EB13272B
:101EA00049083E785FEA320203FB0667C7F5000780
:101EB00007FB06F64FEA54374FEAD64606F102060C
:101EC00007FB066CCCF1005C4FEA1C472CEA074C80
:101ED00007FB06F40CFB06F504EB15464FEA9616D5
:101EE00034BF00204FF000404FEAD13706FB07FC1B
:101EF0004FEA1C4C0CFB0BF7D21B03FB0CF761EBFE
:101F000007010CFB0EF7B0EB074072EB17420CFB1E
:101F100008F734BFA2EB0742B2EB074261EB17416F
:101F20004FEA0C444FEA910706FB07FC4FEA1C4CB2
:101F30000CFB0BF7B0EBC74072EB573203FB0CF70F
:101F400034BFA2EBC742B2EBC74261EB57310CFB87
:101F50000EF7B0EBC70072EB57720CFB08F734BFFB
:101F6000A2EBC702B2EBC70261EB5771039F4FEAC6
:101F7000816141EA921104EBCC044FEAD1374FEA78
:101F8000826206FB07FC42EA90124FEA80604FEA49
:101F90001C4C0CFB0BF7D21B03FB0CF761EB07018E
:101FA0000CFB0EF7B0EB074072EB17420CFB08F787
:101FB00034BFA2EB0742B2EB074261EB17414FEA95
:101FC0008C554FEA910704EB9C2406FB07FC4FEA73
:101FD0001C4C0CFB0BF7B0EBC74072EB573203FB0A
:101FE0000CF734BFA2EBC742B2EBC74261EB5731EB
:101FF0000CFB0EF7B0EBC70072EB57720CFB08F747
:1020000034BFA2EBC702B2EBC70261EB577115EB0D
:102010004C254FEA816141EA92114FEA82624FEA10
:10202000D13742EA901206FB07FC44F100044FEA64
:1020300080604FEA1C4C0CFB0BF7D21B03FB0CF728
:1020400061EB07010CFB0EF7B0EB074072EB174298
:102050000CFB08F734BFA2EB0742B2EB074261EB7F
:10206000174115EB1C154FEA813141EA92414FEAC5
:10207000823242EA90424FEA80304FEA0C7644F1D5
:10208000000448EA03434EEA0B484FF0000EB2EB5F
:10209000080C71EB030724BF624639464EEB0E0E67
:1020A0004FF0000B0018524149414BEB0B0BB2EBC8
:1020B000080C71EB03077BF1000B24BF6246394625
:1020C0004EEB0E0E4FF0000B0018524149414BEB06
:1020D0000B0BB2EB080C71EB03077BF1000B24BF79
:1020E000624639464EEB0E0E51EA020718BF46F023
:1020F000010616EB0E7655F1000254F1000103D5EE
:10210000BDE88901BDE80088BDE88901BDE8004857
:10211000B619524141EB0101A3F1010370478080E0
:102120007F7E7D7C7B7A7978777676757473727131
:1021300071706F6E6E6D6C6C6B6A6A6968686766E9
:1021400066656464636362616160605F5F5E5E5D7B
:102150005D5C5C5B5B5A5A595958585757565655EF
:1021600055555454535352525251515050504F4F51
:102170004F4E4E4D4D4D4C4C4C4B4B4B4A4A4A49A1
:1021800049494848484747474746464645454544E4
:102190004444444343434342424242414141002B71
:1021A0009C4630D477002BD01CB54FEA370703B4D8
:1021B0004FF010004FF01001BAF1000F06D0BCF143
:1021C000000FDCBF40F0080040F008014FF00000B5
:1021D0000FBCBDE810400BF1010BBBF1010F08BFB4
:1021E0005FEA170722BF12F1010211F101014FF05E
:1021F000004143F1000300F0004043EA0000704753
:10220000F9D35708D0E746EA064613F1400F4FEAE4
:1022100016461FDD13F1200FDFBF16430A460021CB
:1022200020335B42BED0C3F1200746EA064602FADD
:1022300007F74FEA164646EA0706C3F1200722FAD7
:1022400003F201FA07F721FA03F14FF0000342EA23
:102250000702A7E746EA020646EA06464FEA16469E
:1022600046EA0106BCBF46EA0646360C4FF00003BC
:102270004FF000024FF0000194E72DE9804C9A46A0
:10228000934670B491E8380007C831EA400C48BF63
:1022900034EA430C03D5FFF7E6FDFFF780FFF0BCFF
:1022A000BDE8008C2DE9804C9A46934670B491E8C5
:1022B000380007C810F0804F08BF13F0804F03D1DB
:1022C00000F005F8FFF76BFFF0BCBDE8008C20F0D4
:1022D0007F4780EA030023F07F4C07EB0C03A3F554
:1022E0007C5300F00040A3F1FE0392F0000F00F0D9
:1022F000B38095F0000F00F077802DE901494FEA97
:1023000011404FEA144621EA004800FB06FC24EA8B
:10231000064708FB06F607FB08F800FB07F718EB73
:1023200006484CEB164C4FEA124B18EB07484FEAA5
:1023300015464CEB174022EA0B4E0BFB06FC25EA38
:1023400006470EFB06F607FB0EFE0BFB07F71EEB20
:10235000064E4CEB164C4FF000061EEB074E4CEBB6
:10236000174B18EB0B0840F1000018EB0E0B58EB65
:10237000000840F100008F1A4FF000013CBFC94334
:10238000661B14BFB5EB040C00213CBFC943F61B10
:102390004FEA17444EEA8E0E27EA04454FEA1C47DF
:1023A00004FB07622CEA074C05FB07F70CFB05F65C
:1023B00004FB0CFC16EB074642EB174216EB0C46EF
:1023C00042EB1C421BEB060658EB0202414146EA77
:1023D0009E0601D5BDE80189B619524141EB0101C4
:1023E000A3F10103BDE801894FEA14454FEA114703
:1023F00024EA054621EA074C05FB07F406FB07F72C
:102400000CFB06F105FB0CFC11EB074144EB1744F8
:102410004FEA124711EB0C4144EB1C4422EA074CF3
:1024200005FB07F206FB07F70CFB06F605FB0CFCA9
:1024300016EB074642EB174216EB0C4642EB1C45E7
:102440006A1854F1000148BF7047B619524141EB78
:102450000101A3F10103704795F0000F37D04FEA57
:1024600011424FEA144721EA024624EA074C02FBD4
:1024700007F106FB07F70CFB06F402FB0CFC14EB60
:10248000074441EB17414FEA154714EB0C4441EB6D
:102490001C4125EA074C02FB07F506FB07F70CFB7E
:1024A00006F602FB0CFC16EB074645EB174516EB50
:1024B0000C4645EB1C42121951F1000148BF704710
:1024C000B619524141EB0101A3F1010370474FEAF4
:1024D00014454FEA114724EA054621EA074C05FB5B
:1024E00007F106FB07F70CFB06F24FF0000605FBB1
:1024F0000CFC12EB074241EB174112EB0C4251EB83
:102500001C4148BF7047921841EB0101A3F1010340
:102510007047000070B53A4905460068884202D00D
:10252000384A904202D1D1F8080302E03648D0F888
:10253000080310F4403F11D004F006F9044668681F
:10254000B0F5803F06D0B0F5003F03D0B0F5403F76
:1025500027D101E0000C18E0A40822E000214FF48C
:10256000002003F089F9044668688103890B18D1BB
:1025700081140C2915D2DFE801F0140606060606C0
:10258000060B0D0F1113800C4000B4FBF0F408E0B3
:10259000240906E0640904E0A40902E0E40900E07B
:1025A000240A02F047FE41F20301884208D8174886
:1025B00084422868816813D821F48071816070BDDD
:1025C00013496008884204D82868816821F4407162
:1025D000F4E71049884206D82868816821F44071E0
:1025E00041F48071EAE70C4988422868816804D880
:1025F00021F4407141F40071E0E741F44071DDE7FE
:10260000002002400021024000600258002D3101EC
:10261000105E5F0020BCBE0040787D012DE9F041D6
:102620000027044600680D4607F016FE064620689F
:1026300007F00EFE30435DD020682F4EC16889013F
:1026400005D5617D012902D1217D01290BD0022D03
:102650001DD0206807F000FEB8B120688168C1F382
:10266000400169B111E02549012502E08F4232D2D3
:102670007F1C0268D2435206F8D440210160E8E78B
:102680008168314041F010018160012D11D0206836
:1026900007F0DEFD48B120688168C1F3400121B92F
:1026A0008168314041F020018160022D08D0032D66
:1026B00004D0042502F0C4FD064617E00C25F9E716
:1026C0000825F7E702F0BCFD801B05280ED920681D
:1026D000806828420AD0606D40F010006065A06DEF
:1026E00040F00100A0650120BDE8F081206880680D
:1026F0002842E7D10020F7E7C0FFFF7F00DC0C0095
:1027000070B50446006881688268C1F3400112F028
:10271000010F28D039BB816801F00D01012914D1C6
:102720008168124A1140891C816021680320086079
:1027300002F086FD054612E002F082FD401B0228F1
:102740000DD920688068C00709D0606D40F0100086
:102750006065A06D40F00100A065012070BD20689B
:102760008068C007E8D1002070BD0000C0FFFF7F77
:1027700070B504460068816811F0010F40D181688E
:10278000204A11422DD18168D5432940491C8160DE
:1027900002F056FD1C49064620681C4B884201D0B9
:1027A000984201D11A4A00E01A4A9268984202F00F
:1027B0001F0200D0014681421DD0E2B120E08168B5
:1027C00011F0010F03D181682940491C816002F09A
:1027D00037FD801B02280ED920680068C043C0075F
:1027E00009D0606D40F010006065A06D40F0010000
:1027F000A065012070BD20680168C943C907DED10A
:10280000002070BD3F0000800020024000210240F7
:102810000023024000630258F0B5B2EE041AC47BF4
:10282000417B00EE904A00EE101AC288F8EE601A62
:10283000B8EE400A868852BA00EE902A81EE814AAC
:1028400071BA037BF8EE601ADFED2A2A45884FF053
:10285000010206894789847B68BA75BA00EE905AEE
:10286000C0EE013A00EE101A03F07F01DB09B8EE6A
:10287000403A00EE101A79BA01EE101AB8EE405A3A
:1028800000EE104A1C49002BB8EE411AF8EE404AFF
:1028900081EEA22A00EE100A1848C3EE221AF8EEC2
:1028A000602A73EE850AB8EE403A34EE240AF1EE5F
:1028B000603A40FEA30AC1ED020A81ED030A81EDF0
:1028C000043AC1ED052A81ED061A81ED072AC1ED12
:1028D000081AC0ED090A80ED0A0A80ED0B3AC0ED36
:1028E0000C2A80ED0D1A80ED0E2AC0ED0F1A80F82B
:1028F0006E20F0BD00007A44089B0024109C002448
:102900000449002008704860034908800149643187
:1029100008707047089B0024D400002400487047CA
:102920006C9B00242DE9F0413E4C88B0201D0BF03B
:1029300059F900286AD0202800D92020694602468B
:10294000201D0BF098F9384E0024384D0746E84614
:1029500013E02888402805D218F80420411C32547E
:10296000298008E030483F22711CFEF73CFA18F835
:10297000040086F83F00641CA4B2BC42E9D342E0E4
:10298000002407E0325D3C2A03D132195278022A32
:1029900003D08CB2611C8142F4D33CB1021B2248AB
:1029A0003119FEF720FA2888001B288082B2112AEC
:1029B0002CD31D49002308783C282AD148780228C6
:1029C00027D100200C5C401C80B223441028DBB2CD
:1029D000F8D3087C98421CD113480124112100F03F
:1029E00029F81148FFF718FF02F02AFC0E49243994
:1029F00048600C7035312A880B48113AFEF7F3F91C
:102A000028881138288028881128B9D208B0BDE854
:102A1000F0810548711C521EFEF7E5F92888401E1A
:102A2000F0E70000F89700242C9B0024D400002439
:102A3000704700002DE9F047134E4FF000075FEAA2
:102A4000000988463D463C460ED13770BDE8F08708
:102A500019F805303019C4F180010CA2FDF73EFDD4
:102A60006D1C204484B2ADB2454502D2201D8028A1
:102A7000EED3601E7F2803D2301900F8017CE5E711
:102A800086F87F70E2E700006C9B00242530325806
:102A90002000000070B502F0D3FB064600F04AFEAD
:102AA0000BF0C8FAFFF72CFF0AF01AF8234C0025A8
:102AB0009FED210A04F14D0084ED000A84ED010A26
:102AC00025810F2265811EA184ED070A84ED080A85
:102AD00084ED090A84ED0A0A84ED0B0A84ED0C0AE0
:102AE00084ED0D0A84ED0E0A84ED0F0AA4F844501B
:102AF00084ED120A84F84C5084ED100A84F86D506D
:102B000084F86E5084F86F505034FEF729FA0F2283
:102B100025730CA104F10D00FEF722FA0AA0257717
:102B200000F01AF80B49A6F11402A6F1C800C1E999
:102B30000002886070BD000000000000109C0024AE
:102B40004E2F410030250000573438352B52414478
:102B500043000000AC00002410B500B905A00F220E
:102B600001460748FEF7FCF9054900200C39C876F4
:102B700010BD0000573438352B524144430000004B
:102B80001C9C002470B502F05BFB144D04462868C1
:102B9000201AC8280CD32C600BF0F8F818B109F0F3
:102BA000DBFF0FA002E00AF015F810A0FFF7D4FF3A
:102BB0006868201A142802D36C600BF077FAA868B2
:102BC000201AC82802D3AC60FFF732FF0BF06CFA72
:102BD000FFF7A8FEBDE8704009F0FABFAC00002482
:102BE000524144435F45525200000000573438358B
:102BF0002B524144430000002DE9F04F04009DB0EA
:102C00007ED040F22C51FEF784F91F222046D7A136
:102C1000FEF7A6F905F0CAFD00B1012084F82000F6
:102C200002F00EFB606200200AF0AEF8012800D02E
:102C3000002084F8280001200AF0A6F8012800D01E
:102C4000002084F8290094F8280008B1CBA100E006
:102C5000CCA11F2204F12A00FEF782F994F8290082
:102C600008B1C6A100E0C7A11F2204F14A00FEF787
:102C700077F9002684F86A601F2284F86B60C3A18C
:102C800004F16C00FEF76CF9C24D1F2205F10C0136
:102C900095ED000A8B4684ED230A95ED010A84ED3B
:102CA000240A2889A4F894006889A4F8960004F1FD
:102CB0009800FEF755F9D5ED070A9FEDB70AC4ED68
:102CC0002E0AD5ED080AC4ED2F0AD5ED090AC4ED88
:102CD000300AD5ED0A0AC4ED310A84ED320A84EDDA
:102CE000330A95F84C0084F8D00095ED100A84ED75
:102CF000350A95ED0C0A84ED360A95ED0D0A00E0D3
:102D000031E184ED370A95ED0B0A1F2284ED380A74
:102D100095ED0E0A05F14D0184ED390A95ED0F0A86
:102D200084ED3A0AB5F84400A4F8EC0004F1F4008C
:102D300095ED120A84ED3C0AFEF712F91F2205F107
:102D40005D0104F58A70FEF70BF9944F97F82B009C
:102D500008B193A100E093A11F2204F59A70FEF739
:102D6000FFF88E497F2204F5AA703831FEF7F8F893
:102D70008A497F2204F5EA707831FEF7F1F8B889C4
:102D8000A4F8540297F82A0084F8560204F5157442
:102D9000854800F0A7FC6060834800F0B7FCA060A5
:102DA000A94682480178217395F86D10617395F8F2
:102DB0006F00A07344F8546F05F0FAFA207105F023
:102DC000FDFAA06007F020F8E06007F017F8DFF8E0
:102DD000E0A120619AF8021021759AF8031061753C
:102DE0009AF80410A1759AF80510E1759AF8061082
:102DF0002176DAF80C10E161DAF810002062A4F50F
:102E00002A7405F0E1FA074605F0CAFA064605F00D
:102E1000CBFA054605F0BEFA804604F5337027B1BB
:102E2000397811B11F22394602E061491F22183159
:102E3000FEF796F804F2AC4026B1317811B17F224A
:102E4000314602E05A497F223831FEF789F805F011
:102E5000C5FA1F22014604F53B70FEF781F804F520
:102E6000437655B1287840B120212B4651A2CDF8A8
:102E7000008015A8FDF732FB05E0202143464FA254
:102E800015A8FDF72BFB1F22304615A9FEF768F8A1
:102E9000DAF80800554608B1C4F8640204F51A7659
:102EA00095F8B80028B142491F223046B831FEF7E4
:102EB00057F895F8D80004F5227728B13C491F222D
:102EC0003846D831FEF74CF8A87804F56B7550B148
:102ED00099F86D1099F86F0041B170B105F066FC7A
:102EE00070B138A00EE07F2237A10DE04FF07F02D5
:102EF00008B13AA108E03DA106E07F223FA103E02E
:102F000005F06CFA7F2201462846FEF729F8FFF704
:102F100005FD007810B1FFF701FD00E03CA07F2225
:102F2000014604F22C40FEF71BF805F057FA802109
:102F30005B4638A2009004F54B70FDF7CFFA01A86C
:102F400004F09EFE00280ED102981F220DF11301FD
:102F5000C4F864023046FEF703F81F2238460DF12C
:102F60003301FDF7FDFF1DB0BDE8F08F72656C61A8
:102F7000795F683734335F30303100006F70656ED1
:102F800000000000636C6F73656400006175746F0E
:102F900000000000109C002400000000109A002493
:102FA000444952005350440004990024089B0024D3
:102FB000C403002425733A256400000072633D2594
:102FC000640000004F4B00004C363130204154204B
:102FD0006E6F7420726561647900000057494E4439
:102FE0003438355F4F46464C494E450057454154AD
:102FF0004845525F4F46464C494E45005241494E66
:103000005F4144435F4F46464C494E450000000037
:103010004E2F4100776561746865723D2573206DA0
:103020007174743D257300000A281AD2DFE800F09D
:103030000507090B0D0F111315170BA070470BA0F7
:1030400070470CA070470CA070470DA070470DA0F2
:1030500070470EA070470FA0704710A0704711A0D6
:10306000704712A0704700004154000041544530A1
:1030700000000000415449004350494E0000000048
:103080004353510043524547000000004347524517
:10309000470000004347415454000000434F505341
:1030A000000000004347504144445200444F4E4505
:1030B0000000000018B1022803D003A0704704A04C
:1030C000704704A0704700004552524F5200000064
:1030D0004F4B000054494D454F555400FEB5694CC7
:1030E00000258DF80050019502956078002874D174
:1030F00002F0A6F8616988426FD3012004F05CFCFD
:1031000000286AD12078012640F2DC510A2876D2C4
:10311000DFE800F0051B27374F64768799A6642205
:1031200059A006F06FFD0746014657A000F07EFA51
:1031300055A0394600F01AF92FB15FF00000A570D4
:1031400000F0D6F89AE0A6707BE064224FA006F06B
:1031500059FD044601464DA000F068FA4BA02146F7
:103160000CE096224FF4FA614AA006F04BFD0446AB
:10317000014648A000F05AFA46A0214600F0F6F8B1
:103180005FE0642244A006F03DFD0546014642A0F2
:1031900000F04CFA40A0294600F0E8F8002D50D18C
:1031A00004F03AFD3FA1FDF72EFD002849D0E6705E
:1031B00047E002A901A804F033FD054601463BA003
:1031C00000F034FA39A0294600F0D0F8002D38D1AB
:1031D0000198A0600298E06033E052E0684604F095
:1031E0006BFC0546014633A000F020FA31A02946C9
:1031F00000F0BCF82DBB9DF80000207121E03CE000
:10320000684604F023FC054601462DA000F00EFAA6
:103210002BA0294600F0AAF89DB99DF80000607126
:103220000FE0684604F0E0FB0546014627A000F0E9
:10323000FDF926A0294600F099F815B99DF800007F
:10324000A07101207CE70F482021B83004F0C2FDB6
:103250000446014620A000F0E9F91FA021468DE7B1
:1032600008482021D83004F021FD044601461DA065
:1032700000F0DCF91BA0214680E76670012004F015
:103280009DFCFEBDC4030024415400004154453060
:10329000000000004154490041542B4350494E3F27
:1032A00000000000524541445900000041542B43A6
:1032B0005351000041542B435245473F000000004A
:1032C00041542B43475245473F00000041542B4394
:1032D000474154543F00000041542B434F50533F4B
:1032E0000000000041542B43475041444452000029
:1032F00010B5154C002896B02078024600F1010068
:10330000C1B205D0217001F09BFF00F5967005E079
:10331000002AF7D101F094FF00F2DC5060612078C0
:103320000A2801D301216170FFF77EFE0346607811
:103330005021009005A201A8FDF7D0F801A800F0E7
:10334000BFF916B010BD0000C40300245B4449411E
:10335000475D206E6578743D257320636F6D706CDA
:103360006574653D25750D0A000000002DE9F041EA
:103370008846064604F050FC0F4D04464FF0000707
:103380003EB11F22314605F11800FDF7E9FD85F831
:1033900037704CB1207838B107487F222146383049
:1033A000FDF7DEFD85F8B770B8F1020F02D128698C
:1033B000401C2861BDE8F081C403002470B509F009
:1033C000E9FC23A123A000F0C9F824A12AA000F061
:1033D000C5F804F05BFD05F079F900F0AFFBFFF7ED
:1033E00059FB06F017FD06F04FFE08B118A100E0EA
:1033F00022A124A000F0B2F8234924A000F0AEF8E6
:1034000040F6B83001F0E0FD0124204604F0D4FA83
:1034100030B9012006F042FC0446012004F0CEFB46
:103420002046FFF747FE014619A000F097F81B4819
:10343000F821FDF76EFD19480025057014B901212A
:103440008170C170204600F0A9F81548056070BD74
:103450006F6B0000636C6F636B0000006D717474C0
:103460002D6D697063616C6C2D6669782D75617264
:1034700074362D7631000000667700006661696C55
:10348000000000006C6364001C9C00246164630005
:103490006C3631302073796E63000000C403002461
:1034A0001C00002410B500F04FFC06F031F9FFF7C6
:1034B00015FEFFF767FB06F0C1FC1E4840780028A8
:1034C00007D004F085FF1C4C072803D301F0B8FE99
:1034D000206010BD00F050FB0028FAD1206838B100
:1034E00001F0AEFE226841F28831801A8842F0D3A2
:1034F00001F0A6FE206004F06BFF28B905F0A7FAE2
:10350000010001D00DA011E004F062FF062805D2F1
:1035100004F0D0FD010001D00BA007E004F058FF3B
:103520000728D6D206F0A2F8014609A0BDE810404F
:1035300000F09CB8C40300241C0000245072657085
:103540006172654E65740000436F6E6E6563740052
:1035500053756273637269626500000000B599B0CB
:1035600001B907A1009100B906A06021034607A296
:1035700001A8FCF7B3FF01A800F0A2F819B000BD44
:10358000000000007374616765000000424F4F54F3
:103590003A2025732025730D0A00000010B5ADF503
:1035A0008E6D044610A000F08BF82046FFF782FDD8
:1035B000A021034614A2F3A8FCF790FFF3A800F0A3
:1035C0007FF8164800F07CF8684604F0D5FEA0218C
:1035D00013A2F3A80DF5A173FCF780FFF3A800F088
:1035E0006FF80DF58E6D10BD0D0A4C36313020642C
:1035F0006961676E6F73746963206D6F64652072B3
:10360000656164790D0A00004D6F64656D20737902
:103610006E633A2025730D0A00000000042E010895
:10362000434D443A2025730D0A00000010B59AB0AE
:1036300004460846FFF73EFD009004B905A460214A
:10364000234605A201A8FCF749FF01A800F038F8BD
:103650001AB010BD434D44005B444941475D2025ED
:1036600073202D3E2025730D0A000000F0B5C3B075
:103670000E46054604F08AFE044604F095FE074611
:10368000304604F001FFCDE9000706A22B464FF4B7
:103690008071029403A8FCF721FF03A800F010F842
:1036A00043B0F0BD5B4150505D2025733A20257337
:1036B0002028257329206C6173743D25730D0A0041
:1036C00010B504000AD0FDF7DFFA2146BDE810402E
:1036D00082B203484FF47A7304F0F2B810BD0000D0
:1036E0003003002406498842064901D10868704722
:1036F000054A904201D1C868704700207047000019
:10370000F8970024B8000024049900240649884250
:10371000064901D148687047054A904201D10869BD
:103720007047002070470000F8970024B80000247C
:103730000499002410B500F0D1F80E4800220F4B78
:103740000D4900F5867408C00D4B23600A604A607D
:103750008A60CA600A614A610AF05FFA201D0AF0B5
:103760005CFA044800F00EF82046BDE8104000F076
:1037700009B80000F8970024B80000249C02002437
:1037800008020024036800F584710122184604F041
:103790003BB8000070B500281DD00F490F4A8B7848
:1037A00063B90F4B1C68002544F080761E6001242D
:1037B0005560136843F0010313608C7009490A4B8C
:1037C0000968B1FBF3F1414300D10121506853680E
:1037D0001B1A8B42FBD370BDD0000024001000E008
:1037E000FCED00E01400002440420F0070B50546D7
:1037F00000F0FEF8002000F0E7F80024E80900F0EF
:10380000EDF86806050E0220FFF7C4FF012000F066
:10381000DBF80220FFF7BEFF002000F0D5F8022001
:10382000FFF7B8FF641CE4B2082CE7D370BD10B5F5
:1038300000F0DEF8012000F0D1F8012000F0C4F81B
:103840000420FFF7A7FF002000F0C8F80420FFF7CE
:10385000A1FFBDE81040002000F0B6B810B500F0A0
:10386000C7F8002000F0B0F8002000F0B7F80420FE
:10387000FFF790FF012000F0A7F8012000F0AEF85C
:10388000BDE810400420FFF785BF000070B5124D61
:103890000024286820F440602860012000F09EF891
:1038A0000120FFF777FF012000F08EF80120FFF7DD
:1038B00071FF06E0641CFA2C03D9FFF7CFFF01204B
:1038C00070BD2021284601F0ABFC0128F2D0002079
:1038D00000F07AF8002070BD001C0258F0B58BB0E3
:1038E00014216846FDF715FB264C206840F00200C5
:1038F00020602068002601256946032700F00200A9
:1039000005902803CDE900061F48CDE9025701F0D4
:103910006DFB142105A8FDF7FCFA206840F080003B
:103920002060206805A900F080000A903020CDE9D1
:1039300005051648CDE9075701F058FB012000F0B6
:103940004DF8012000F040F8114CFF202670607007
:10395000FFF76DFF4020FFF749FFFFF797FF28B9FA
:10396000FFF77CFFFF2000F015F810B101200BB02D
:10397000F0BD0020257000F047F80028F7D0267031
:10398000F4E70000E044025800040258001C02580A
:10399000D000002410B50446FFF749FF4020FFF790
:1039A00025FFFFF773FF28B92046FFF71FFFFFF73A
:1039B0006DFF08B1012010BDFFF750FF01484470B2
:1039C000002010BDD000002408B1012200E0002238
:1039D0000148102101F029BC001C025808B1012245
:1039E00000E000220148202101F01FBC001C025809
:1039F0000448016821F440610160016841F480617C
:103A000001607047001C025807490A782AB1002853
:103A1000487804D040F0400003E00120704700F0F7
:103A2000BF00FFF7B7BF0000D00000242DE9F04130
:103A300004001E4615460F4632D08FB385B3194891
:103A4000007868B32168402008620120FFF7DCFF9E
:103A500030BB33462A463946204603F031FF18B1C1
:103A60000020FFF7D1FF1BE001F0EAFB05460AE06A
:103A700001F0E6FB401BB04205D30020FFF7C4FF76
:103A80000320BDE8F0812068C069C0434006EFD440
:103A9000012001F099FA0020FFF7B6FF0028F0D0CE
:103AA0000120EEE7D0000024FEE7000005484FF4B7
:103AB000807110B5FDF70BFA0348002141700161D8
:103AC00010BD00002C4600243000002402480021D4
:103AD00041808180704700003000002410B504460A
:103AE00000F01AF901F0ACFB0D490D2C086109D06A
:103AF0000A2C07D04878FF280BD20A4B421C1C54D2
:103B00004A7010BD48780028FBD0BDE8104000F096
:103B100075B8FFF7CBFFBDE8104003A000F042B935
:103B2000300000242C4600240D0A434D4420544FFD
:103B30004F204C4F4E470D0A3E2000000A480021FE
:103B40000A4A10B582600170C160FFF7BFFFFFF73E
:103B5000ADFF00F0EDF8064800F024F9BDE8104094
:103B6000044800F01FB90000300000243003002496
:103B7000DC2E0108242F010810B5054CE068002850
:103B800004D001F05DFBE168401AC00F10BD0000D9
:103B900030000024094910B5896888420CD10268B8
:103BA0000F21116203F02EFAFFF790FFFFF77EFF5F
:103BB000BDE8104000F0BCB810BD0000300000248B
:103BC0000C4930B48A68904211D10A7848888B88B1
:103BD000401CC0B2984203D18B885B1CDBB28B8047
:103BE0004B88054CE254488030BC00F0A1B830BC92
:103BF00070470000300000242C4500242DE9F041DE
:103C0000304F787800285AD02F4A002111542FA025
:103C100000F0C8F82C4800F0C5F82EA000F0C2F85B
:103C200000F07AF8284808F011FC054608F0AEFAD2
:103C3000044608F0AFFA064627A000F0B3F81EB11C
:103C4000307808B1304602E0012D0BD025A000F0FD
:103C5000A9F820A000F0A6F875B1022D09D0032D17
:103C600007D02AE021A000F09DF81AA000F09AF8F1
:103C700023E014B3207800B31FA000F093F8ACB198
:103C8000207898B12046FCF7FFFF85B2B8684FF462
:103C90007A732A46214603F013FE25B1601910F805
:103CA000010C0A2802D00BA000F07CF8FFF7FEFE02
:103CB000BDE8F04112A000F075B812A0F4E7BDE82D
:103CC000F0810000300000242C4600240D0A434DF2
:103CD000443A20000D0A00005354415455533A20F1
:103CE000000000004552524F52000000554E4B4E0E
:103CF0004F574E5F434D440052583A0D0A000000A2
:103D00003E20000052583A0D0A554E4B4E4F574E2A
:103D100020434D440D0A000010B501F091FA47F21E
:103D2000305108440149C86010BD00003000002433
:103D300004488068002803D00249012203F064BDD2
:103D4000704700003000002470B5144CA0680028B3
:103D500022D0134E0025A0886188884212D1002D00
:103D60001AD16078002817D02069002814D001F0FB
:103D700067FA2169401AB0F5487F0DD3BDE870405D
:103D8000FFF73CBFA088A188491C305CC9B2A18064
:103D90000125FFF7A3FEDEE770BD00003000002420
:103DA0002C45002470B50B4D0446A868002810D09F
:103DB000002C0ED0207800280BD02046FCF764FFA2
:103DC00082B2A8682146BDE870404FF47A7303F0D0
:103DD00077BD70BD300000247047704772B6FEE7B3
:103DE000054805490839026842F002020260086885
:103DF0008004FCD5704700000C480258F0B5B3F5BC
:103E0000804F05D06FF0704140F822100020F0BDC7
:103E100091E838008F898E6950F8221024013343CD
:103E2000054E44EA05242343314043EA07430B434C
:103E300040F82230EAE700000000F0CFF0B50A6851
:103E400050F8223023F0010340F822308C68082C0F
:103E50002CD000264A68D1E903CE22434CEA060C56
:103E600001F1140342EA0C0242EA0E0293E8F85010
:103E70001A4322430C682A43D1E90C35324350F8E7
:103E800024603A4342EA0C02DFF840C042EA0E02E4
:103E90008F6B13431D432F4326EA0C063E4340F825
:103EA00024600A6BB2F5801F02D007E04026D1E7FC
:103EB0000A684AB1026842F4801202600A681AB1C4
:103EC0000268496B0A4302600020F0BD7FFB3F009F
:103ED000F0B5D1E901630C6800EB8202B1F80CE0A7
:103EE00044EA06140E7D4FEA032C104B0D8A4CEA6F
:103EF0000E4C44EA0C045F0107EB066603EB055722
:103F00008D693C4334432C4354600268D2020BD584
:103F1000098A4268446803EB015122F4700211439C
:103F200024F470030B4343600020F0BD0000F0FF59
:103F3000F8B50027044615460E46009790F8500045
:103F400001280BD0012084F850002046FEF7D8FB52
:103F50000100606D04D040F010002DE00220F8BD9B
:103F600020F4885040F002006065206806F480323A
:103F700005F08043134D1A4383682B401A4342F0E7
:103F800000428260104A20680EE0009B5B1C009398
:103F9000934209D3606D84F8507020F0020040F025
:103FA000100060650120F8BD8368DB0FEDD1606D06
:103FB00020F0020040F001006065084684F850706F
:103FC000F8BD0000C0FFFE3F00F8C3252DE9F04713
:103FD0000F4690F850109AB0044601294FF000099E
:103FE00015D00026DFF8F880012084F850001596DF
:103FF0001696216841450ED13A4D0095284606F0A7
:104000002FF98246206806F02BF960B10EE00220FD
:104010001AB0BDE8F087606D84F8506040F0200071
:1040200060650120F4E7BAF1000F09D0616D4FF02F
:10403000010941F020006065484684F85060E7E7D8
:1040400020684146884201D0A84201D1264800E0BC
:10405000264840F61F72D7F800C0254BBCF1000F70
:1040600023D0D0F808C0D7F804802CF4404C4CEA98
:10407000080CC0F808C0D4F800C08C4501D0AC458D
:1040800007D18968AB6801F0010103F0010319430E
:1040900002E0996801F001010029CDD1BD683968BD
:1040A000836829439343194317E0876827F44047FF
:1040B000876027688F4201D0AF4207D18968AB681B
:1040C00001F0010103F00103194302E0996801F0D6
:1040D00001010029B0D1816891438160ACE7000003
:1040E00000200240002102400023024000630258E9
:1040F000006002582DE9F84F04460D460020DFF815
:10410000A8B30090074694F85010DFF8A0A32068E9
:104110000129E74E07D04FF0010984F8509006F0CE
:104120009BF818B171E10220BDE8F88F28680028DB
:104130000EDB21680303CA6928D090FAA0F0B0FA18
:1041400080F000BF00F01F0309FA03F00243CA61C8
:10415000D5E900124FF00C0C20681F23C1F38461D5
:104160000CEA921C02F01F02604493409140026BE3
:104170009A430A430263206806F06EF8804620687E
:1041800006F066F858EA000003D08DE0C0F38460C2
:10419000D8E72A68042320684FF0070CA96803EACF
:1041A000D25318444369C2F304520CFA02FC914002
:1041B00023EA0C030B434361BE490968B9EB117F45
:1041C00006D121686869C968C1F38201490008E025
:1041D0002068C168C906C1686869F5D501F0100199
:1041E00049088840296904292ED023682A6803EBEE
:1041F000810102F0F8420B6E024303F000401043CD
:104200000866697E22682869012917D05FF00001DD
:1042100002EB8000026E22F000420A430266297E11
:1042200020682A6901290CD00021036902F01F02CD
:10423000914023F4F0420A43026135E04FF000411F
:10424000E6E74FF40061F0E720682978026E02F09B
:10425000F842B2EB816F03D1016E21F0004101669B
:1042600020682978426E02F0F842B2EB816F03D1E8
:10427000416E21F00041416620682978826E02F08B
:10428000F842B2EB816F03D1816E21F0004181666B
:1042900020682978C26E02F0F842B2EB816F03D138
:1042A000C16E21F00041C1662068816811F0010FE4
:1042B00072D150F8C02F2B7BDFF8FCC1296803F0C6
:1042C00018032CFA03FCC1F3130822EA08020CEAD3
:1042D000010C42EA0C020260E96859456CD177484A
:1042E0002268DFF8DCC1DFF8DCB18242DFF8D8E118
:1042F0007648774BDFF8DC8122D12968614524D0EC
:10430000B1EB4C0C38D0A1F1496CBCF1080C35D0A4
:10431000A1F1865CBCF1100C32D0DFF8BCC1614564
:1043200028D071453AD0814230D0994232D06B4882
:10433000814201D16A4831E041452ED169482DE0E2
:10434000B2422AD12968614501D1012026E0A1F1BC
:10435000066CBCF1040C0FD0A1F1496CBCF1080C47
:104360000CD0A1F1865CBCF1100C09D0DFF868C15B
:10437000614507D15C4811E058460FE05B480DE00D
:104380005B480BE0714509D0814201D1184605E038
:104390009942D1D1574801E03CE00020D1690303A4
:1043A0001AD090FAA0F0B0FA80F000BF00F01F031E
:1043B00009FA03F00143D161D5F800C0BCF1000F48
:1043C00028DA3E4B20684C49DFF83091984201D002
:1043D000B04203D10A4602E0800EE7E74A469268FF
:1043E000984202F0E07201D0B04209D19D68D6F83F
:1043F000088005F0010508F0010845EA080503E01A
:10440000DAF8085005F001054DB1606D012740F064
:1044100020006065002084F85000384684E6384D5E
:10442000AC451CD115021AD45045F3D1984202D0A4
:10443000B04200D049468B6842F4000023F0E0729D
:1044400002438A6030492F480968B1FBF0F0400010
:10445000801C00E0401E00900028FBD1DAE72B4DC5
:10446000AC450CD1D5010AD45045D3D1984202D0E5
:10447000B04200D049468B6842F080700EE0244D77
:10448000AC45C7D15502C5D45045C3D1984202D0DE
:10449000B04200D049468B6842F4800023F0E072BD
:1044A00002438A60B6E700000000FF470060025840
:1044B000002102400010005CFFFF0F0000200240BE
:1044C00002003004400020190004002A0008302EA9
:1044D000001060320000844B2000F01400002143E3
:1044E000000052470000B84F0002B0258000501D68
:1044F0000001802100209036002302400063025812
:10450000000084CB400D030014000024000052C7BB
:104510000000B8CF0068006C70470000F8B54FF09D
:10452000000604003546009602D0606D10B107E029
:104530000120F8BD204600F005F9A66584F850601A
:1045400020688168C1F3407119B18168704A1140D7
:10455000816020688168C1F3007181B981686D4A0A
:10456000114041F0805181606C496B480968B1FB92
:10457000F0F0401C00E0401E00900028FBD12068B5
:104580008168C1F3007141B9616D012541F01001ED
:104590006165A16D41F00101A16505F05DFE616DF0
:1045A000C90600D420B1606D012540F0100093E0F1
:1045B000606D20F4807040F00200606520688168C2
:1045C00011F0010F1FD1564A564B904201D098422C
:1045D00007D191689E6801F0010106F001063143A0
:1045E00003E05149896801F0010161B9904201D0AD
:1045F000984201D14D4800E04D488268616822F43C
:104600007C120A43826000F015FE41F203018842E9
:1046100002D9A06810280CD0617D227FA368206B8E
:10462000490341EA024118430843217F01290CD084
:1046300010E0607D227F216B400340EA024241F09E
:104640001000104340F00C00EFE7218C394A02EBD8
:1046500041410843616A29B1A26A01F478710143BA
:1046600042EA01002168344BCA681A400243CA601A
:10467000206805F0F1FD0646206805F0E9FD3043AD
:104680001DD1216844F20303267DE26AC86842EA2C
:10469000863298431043C86094F8380001281ED031
:1046A0002068016921F0010101612068626B0169E4
:1046B00021F07041114301612046FDF72BFFE068B6
:1046C000012820681CD0016B21F00F010163606D8F
:1046D00020F0020040F0010060652846F8BD206827
:1046E000A28F164FD4E9101C154E07EB0247A36C9E
:1046F000026941EA0C013B43324019431143D3E7BD
:10470000A269016B521E21F00F011143DEE7000088
:10471000C0FFFF5FC0FFFF7F400D030014000024B7
:1047200000200240002102400060025800230240A5
:10473000006302580000FEFF03C0F0FF0100FFFF0E
:104740001EF800FCF0B5B7B00446142130A8FCF701
:10475000E0FBC0216846FCF7DCFB1D49206888426D
:1047600034D100220220154604234FF400218DE8A5
:104770000E000926C027CDE90360390129922024C3
:104780000590CDE90607CDE90841684601F0D8F962
:1047900008B1FFF723FB0F48016841F020010160D9
:1047A000006800F0200035900A480830016841F0A8
:1047B00004010160006830A9329500F004003590D2
:1047C0000320CDE93040044800F010FC37B0F0BDC4
:1047D00000200240D8440258000802582DE9F04752
:1047E000434D0446006888464249434BA842DFF8DF
:1047F0000C9101D0484501D10A4600E01A46926862
:1048000002F01F062269082A14D0AEB1052E13D07B
:10481000092E11D0A84202D0484500D01946886818
:1048200000F4404058B1606D40F020006065012008
:10483000BDE8F087082703E0C068C007F2E7042757
:1048400000F0FEFC824618E0B8F1FF3F15D000F002
:10485000F7FCA0EB0A01414502D8B8F1000F0CD1DA
:1048600020680068384208D1606D002184F850103B
:1048700040F0040060650320DAE7206800683842F1
:10488000E2D0606D40F400706065206805F0ECFCDB
:1048900080B1607D70B92068006800070AD5606D3E
:1048A00020F480706065606DC00403D4606D40F0DA
:1048B000010060652068484501D12A4600E00246B3
:1048C000824210D07EB1052E0DD0092E0BD0484566
:1048D00000D00546E968082F07D0490401D40C210F
:1048E00001600020A4E7C168F5E70821F8E70000AF
:1048F00000200240002302400063025800210240D1
:104900002DE9F0413B4D044600683B4FA84201D0E1
:10491000B84201D1394900E03949896801F01F06E0
:1049200005F09AFC18B102210846BDE8F08194F820
:10493000500001280CD0012084F850002046FDF7DB
:1049400017FF01004FF0000204D084F85020EBE77D
:104950000220EAE7636D40F6016C206823EA0C034D
:10496000B84243F48073636501D12B4600E00346EF
:10497000834200D01EB9636D23F480136365636DB9
:10498000DB0404D5A36D23F00603A36500E0A26554
:104990001C23036084F850202068B84201D12A46C5
:1049A00000E00246824215D0A6B1052E12D0092E93
:1049B00010D0626DB84242F48012626500D00546A4
:1049C000E8688001B0D5606D20F4005040F480505C
:1049D0006065A9E7C268920105D5626D22F40052B4
:1049E00042F4805262658268064B1A40121D826052
:1049F0009AE700000020024000210240002302400C
:104A000000630258C0FFFF7F10B5044690F85000C5
:104A1000012808D0012084F8500003212046FDF72A
:104A2000FDFD10B10BE0022010BD2046FDF768FE31
:104A300028B9616D21F4885141F0010161650021BF
:104A400084F8501010BD00002DE9F84F044600F026
:104A5000F7FB00903CB194F83500022806D0802185
:104A600061650020E4E00120BDE8F88FC74DC74E26
:104A7000C649183520683036DFF81483DFF8149300
:104A80008842DFF814A3DFF814B328D0A84226D058
:104A9000B04224D0404522D0484520D050451ED0B9
:104AA00058451CD0BD4A1832904218D0BC4A90429A
:104AB00015D0BB4A1832904211D0B94A30329042D8
:104AC0000DD0B74A4832904209D0B54A6032904280
:104AD00005D0B34A7832904201D0B14A9032026890
:104AE00022F001020260206888422ED0A8422CD019
:104AF000B0422AD0404528D0484526D0504524D041
:104B0000584522D0A54A183290421ED0A44A90425D
:104B10001BD0A34A1832904217D0A14A303290429B
:104B200013D09F4A483290420FD09D4A6032904243
:104B30000BD09B4A7832904207D0994A90329042EB
:104B400003D0974AA832904209D1026822F01E028F
:104B500002602068426922F08002426103E002683C
:104B600022F00E0202602768884938468F424DD0F5
:104B7000A8424BD0B04249D0404547D0484545D0E7
:104B8000504543D0584541D08449183188423DD0E2
:104B9000834988423AD082491831884236D08049C8
:104BA0003031884232D07E49483188422ED07C490B
:104BB000603188422AD07A497831884226D07849B3
:104BC0009031884222D07649A83188421ED075495A
:104BD00088421BD073491431884217D0714928315B
:104BE000884213D06F493C3188420FD06D49503113
:104BF00088420BD06B496431884207D069497831CB
:104C0000884203D067498C318F4214D1206E0168ED
:104C100021F4807101600EE000F012FB0099401A4F
:104C2000052808D9202262650321002084F8351068
:104C300084F8340017E73868C007EDD1534A0121E2
:104C4000206890422ED0A8422CD0B0422AD04045B5
:104C500028D0484526D0504524D0584522D04F4B27
:104C6000183398421ED04E4B98421BD04C4B1833F1
:104C7000984217D04A4B3033984213D0484B4833B0
:104C800098420FD0464B603398420BD0444B783358
:104C9000984207D0424B9033984203D0404BA83300
:104CA000984208D194F85C703F23A06D07F01F076D
:104CB000BB40836007E094F85C30A06D03F01F03F5
:104CC00001FA03F34360206890424DD0A8424BD0D4
:104CD000B04249D0404547D0484545D0504543D0E3
:104CE000584541D02D4A183290423DD02C4A90422E
:104CF0003AD02B4A1832904236D0294A303290426C
:104D000032D0274A483290422ED0254A6032904213
:104D10002AD0234A7832904226D0214A90329042BB
:104D200022D01F4AA83290421ED01E4A90421BD069
:104D30001C4A1432904217D01A4A2832904213D09B
:104D4000184A3C3290420FD0164A503290420BD053
:104D5000144A6432904207D0124A7832904203D00B
:104D6000104A8C3290420BD1D4E919024260E06EB5
:104D700030B1026822F480720260D4E91C02426001
:104D8000002084F8351084F834006DE610000240ED
:104D9000580002407000024088000240A00002401B
:104DA00010040240085402582DE9F05F28B190F831
:104DB0003510022904D0802141650120BDE8F09F13
:104DC000764A764BDFF8D4C1183201683033744C20
:104DD000DFF8D0B16145744D744E754FDFF8D4E102
:104DE000DFF8D4A1DFF8D49131D091422FD099428D
:104DF0002DD0A1422BD0594529D0A94227D0B1426C
:104E000025D0B94223D0DFF8AC81A8F1780841451C
:104E10001DD0DFF8A081A8F16008414517D0DFF868
:104E20009481A8F14808414511D0DFF88881A8F1A4
:104E3000300841450BD0DFF87C81A8F118084145C6
:104E400005D0714503D0514501D049452AD14FF0D5
:104E5000040880F8358061451FD091421DD09942E9
:104E60001BD0A14219D0594517D0A94215D0B14243
:104E700013D0B94211D04F48783881420DD04D48F7
:104E80006038814209D04B484838814205D04948B2
:104E90003038814201D047481838086820F00100B6
:104EA000086078E0D1F8008028F00108C1F800809F
:104EB0000168D1F8008028F00E08C1F80080016870
:104EC000614546D0914244D0994242D0A14240D05F
:104ED00059453ED0A9423CD0B1423AD0B94238D02F
:104EE000344A783A914234D0324A603A914230D0D2
:104EF000304A483A91422CD02E4A303A914228D03A
:104F00002C4A183A914224D0714522D0514520D0E4
:104F100049451ED02A4A91421BD0294A1432914257
:104F200017D0274A2832914213D0254A3C32914269
:104F30000FD0234A503291420BD0214A6432914221
:104F400007D01F4A7832914203D01D4A8C329142D9
:104F500018D1026E0121136823F48073136090F856
:104F60005C30826D03F01F0399405160D0E9191243
:104F70004A60C16E31B10A6822F480720A60D0E9D9
:104F80001C124A600122016D002380F8352080F850
:104F9000343001B18847002010E7000010000240C3
:104FA000580002407000024088000240A000024009
:104FB000B800024088040240A0040240B804024045
:104FC00008540258406D704770B5044600F038F937
:104FD0000546601C02D004480078044400F030F913
:104FE000401BA042FAD370BD080000242DE9F84F01
:104FF00003247F4D00234FF001094FF0B04B4FF0D9
:105000000F0AEDE009FA03F632407AD00F7907F083
:105010000307012F01D0022F19D187684FEA430EF1
:10502000D1F80CC004FA0EF827EA08070CFA0EFCB7
:105030004CEA070CC0F808C0D0F804C00F792CEA7D
:10504000060CC7F300179F4047EA0C0747600E792C
:10505000F643B60702D18E68012E0BD0C6684FEA20
:1050600043088F6804FA08FC26EA0C0607FA08F7DA
:105070003743C7600E7906F00306022E12D1DE0810
:105080000F694FEA437C00EB8606B646366A4FEA64
:10509000DC6C0AFA0CF807FA0CF726EA0806374324
:1050A000CEF820700F7906684FEA430807F003072F
:1050B00004FA08FC07FA08F726EA0C0637430760EB
:1050C0004E6816F4403F1CD04A4E376847F002073E
:1050D000376036689F0706F00206009623F0030645
:1050E00006F1B046B6463F0FD6F80864DFF80881EF
:1050F0000AFA07FC404526EA0C0603D14FF0000CE3
:1051000041E06CE0DFF8F4C0604502D14FF0010CE3
:1051100039E0DFF8ECC0604502D14FF0020C32E01C
:10512000DFF8E0C0604502D14FF0030C2BE0DFF860
:10513000D8C0604502D14FF0040C24E0DFF8CCC0A9
:10514000604502D14FF0050C1DE0DFF8C4C060459A
:1051500002D14FF0060C16E0DFF8B8C0604502D16E
:105160004FF0070C0FE0DFF8B0C0604502D14FF000
:10517000080C08E0DFF8A4C0604502D14FF0090C2C
:1051800001E04FF00A0C0CFA07FC4CEA060CCEF8D2
:1051900008C44F68DBF80060FF0226EA020600D56B
:1051A00016435F46CBF80060D1F804C0DBF804601A
:1051B0005FEA8C2C26EA020600D516437E606E68F4
:1051C0004F6826EA0206BF0300D516436E602E68BC
:1051D0004F6826EA0206FF0300D516432E605B1CCB
:1051E0000A6832FA03F67FF40DAFBDE8F88F0000CD
:1051F00080000058F444025800000258000402588D
:1052000000080258000C02580010025800140258FE
:1052100000180258001C02580020025800240258AE
:105220000069084000D0012070470AB181617047D1
:105230000904FBE701480068000C70470010005C9F
:105240000148806870470000080000240248816817
:10525000027811448160704708000024032010B5D3
:1052600000F0D4F801F0B6FA0F4A10491468136838
:10527000C4F3032203F00F038A5CC95C02F01F022F
:1052800001F01F01D0400A4A20FA01F111600949DA
:1052900008600F2000F010F808B1012010BD00F0E8
:1052A00079F8002010BD0000184402584EFD000897
:1052B000180000241400002470B50D4D0446287811
:1052C000A0B14FF47A71B1FBF0F00A490968B1FB63
:1052D000F0F001F014FE48B9102C07D2002221464C
:1052E000501E00F073F800206C6070BD012070BD8E
:1052F0000800002414000024154BF0B5083B427848
:1053000013491A600B680A1F23F001030B604368FE
:105310001360057BC67A827A437B2D07847B45EA3E
:105320000665C77B90F809C0067A90F800E045EA68
:10533000C24040EA834040EA444040EA074040EA35
:105340000C2040EA460040EA0E000860F0BD000074
:10535000A0ED00E0BFF35F8F044800210368034A1B
:1053600023F48033036070321160704724ED00E055
:10537000074A40F00100064970321060086840F4A6
:1053800080300860BFF34F8FBFF36F8F704700000E
:1053900024ED00E0054808B5016841F00201016014
:1053A000006800F00200009008BD0000F4440258BC
:1053B000002809DB410900F01F028900012001F1EA
:1053C000E0219040C1F80001704700000E4BF0B49E
:1053D0001B680D46C3F30223C3F10706042E00D950
:1053E0000426191D072901D2002300E0DB1E012439
:1053F00004FA06F19C40491E2940641E994014405D
:105400002143F0BC08F0D2BF0CED00E0064900F0EB
:10541000070210B54FF6FF040868044B204040EA2D
:1054200002201843086010BD0CED00E00000FA05F2
:10543000134970B50A68D243520705D5096801F0CF
:105440000701814213D118E00A6822F007020243E3
:105450000A60FFF7F5FE0A4D4FF47A760446083DE0
:1054600007E000BFFFF7ECFE001BB04201D90120AE
:1054700070BD2868C0438004F4D4002070BD0000D3
:105480000C48025810B501F05FF905490968054A52
:10549000C1F30211515C01F01F01C84010BD0000B2
:1054A000204402584EFD00084A4930B5494C0B1DB6
:1054B0000A680C3409681D68246802F0030305F0CB
:1054C0000102C1F30511C4F3CC04002914FB02F25C
:1054D00000EE102AF8EE400A76D0414A9FED3E1ABF
:1054E000DFED3E1AB7EE000A23B1012B5AD0022B92
:1054F00018D15CE0374C283C23689B0612D5394B09
:10550000246801EE901A1168C4F3C104F8EE612A10
:10551000E34001EE903AC1F30801F8EE611A81EE22
:10552000A22A07E002EE101A1168F8EE422A81EE74
:10553000A22A45E001EE901A1168F8EE611A40EED9
:10554000811A71EE800A62EE200AC1F3462101EE53
:10555000101AB8EE411A31EE001AC0EE811ABCEEF4
:10556000E11A80ED001A1168C1F3064101EE101A2C
:10557000B8EE411A31EE001AC0EE811ABCEEE11A03
:1055800080ED011A1168C1F3066101EE101AB8EE40
:10559000411A31EE000A80EE801ABCEEC10A80ED9D
:1055A000020A30BD01EE901ADFED0F2A03E001EE92
:1055B000901ADFED0E2A1168F8EE611A82EEA12A28
:1055C000C1F30801B6E7FFE7002101604160816097
:1055D00030BD000028440258000000390024744CFB
:1055E000304402580090D0030024744A20BCBE4BC3
:1055F000494930B5484C0B1D0A68143409681D68C8
:10560000246802F00303C5F30012C1F30531C4F3AB
:10561000CC04002914FB02F200EE102AF8EE400A36
:1056200075D03F4A9FED3D1AB7EE000A6BB1DFED32
:105630003D1A012B01D0022B64D002EE101A116822
:10564000F8EE422A81EEA22A21E0334C283C23685E
:105650009B0612D5344B246801EE901A1168C4F3EE
:10566000C104F8EE612AE34001EE903AC1F308016B
:10567000F8EE611A81EEA22A0BE001EE901ADFED3E
:105680002B2A00BFF8EE611A116882EEA12AC1F33D
:10569000080101EE901A1168F8EE611A40EE811AC5
:1056A00071EE800A62EE200AC1F3462101EE101A63
:1056B000B8EE411A31EE001AC0EE811ABCEEE11AC2
:1056C00080ED001A1168C1F3064101EE101AB8EE20
:1056D000411A31EE001AC0EE811ABCEEE11A80EDDB
:1056E000011A1168C1F3066101EE101AB8EE411AF1
:1056F00031EE000A80EE801ABCEEC10A80ED020A8B
:1057000030BD04E001EE901ADFED092ABAE700216E
:10571000016041608160F3E72844025800000039CD
:10572000384402580024744A0090D0030024744C7A
:1057300020BCBE4B494930B5484C0B1D0A681C348F
:1057400009681D68246802F00303C5F30022C1F351
:105750000551C4F3CC04002914FB02F200EE102A18
:10576000F8EE400A75D03F4A9FED3D1AB7EE000AA9
:105770006BB1DFED3D1A012B01D0022B64D002EE9C
:10578000101A1168F8EE422A81EEA22A21E0334C69
:10579000283C23689B0612D5344B246801EE901AEE
:1057A0001168C4F3C104F8EE612AE34001EE903AB7
:1057B000C1F30801F8EE611A81EEA22A0BE001EEB6
:1057C000901ADFED2B2A00BFF8EE611A116882EE05
:1057D000A12AC1F3080101EE901A1168F8EE611ACE
:1057E00040EE811A71EE800A62EE200AC1F3462172
:1057F00001EE101AB8EE411A31EE001AC0EE811A0D
:10580000BCEEE11A80ED001A1168C1F3064101EE09
:10581000101AB8EE411A31EE001AC0EE811ABCEE31
:10582000E11A80ED011A1168C1F3066101EE101A48
:10583000B8EE411A31EE000A80EE801ABCEEC10AC1
:1058400080ED020A30BD04E001EE901ADFED092A76
:10585000BAE70021016041608160F3E72844025803
:1058600000000039404402580024744A0090D003DC
:105870000024744C20BCBE4B2DE9F04FAC4A0546C9
:10588000DFF8A8A280F48070DFF8AC9289B0131121
:10589000AA4C0843A748AAF104064FF0805C4FF0D9
:1058A00000582CD085F400770F4357D0DFF87CB236
:1058B00085F480670F430BF1080B61D085F4006716
:1058C0000F4374D085F480570F436ED085F4005792
:1058D0000F434FF480394FF4003E67D085F4002722
:1058E0000F4371D085F480370F436ED085F4804626
:1058F0000E436BD085F400420A4368D02AE0DAF800
:10590000001001F00701052924D2DFE801F075BC81
:105910007D25B10006A8FFF7C7FD079809B0BDE8CF
:10592000F08F6846FFF764FE0098F7E703A8FFF7DB
:1059300001FF0398F2E72068C0F3C10022FA00F0EB
:10594000ECE72268D20571D561456FD11846E5E7CD
:105950004145E3D00020E1E74846DFE7DAF80010F0
:1059600001F4E07180294FD004DC002944D04029A3
:10597000F0D188E0C029EFD0B1F5807FEAD177E09F
:10598000DBF8001001F46001B1F5800F3CD004DCBD
:1059900091B3B1F5001FDDD175E0B1F5C00FDBD0DB
:1059A000B1F5000FD6D163E001E018E030E0DBF89C
:1059B000001001F0E061B1F1007F25D008DCD9B121
:1059C000B1F1807FC6D15EE049E06CE079E09CE017
:1059D000B1F1407FC0D0B1F1806FBBD148E0DAF8BF
:1059E000001001F4E041B1F5005F0DD005DC19B104
:1059F000B1F5805FAED146E094E0B1F5405FABD049
:105A0000B1F5804FA6D133E020688000A2D58DE7A4
:105A1000DAF8001001F4E021B1F5403F6CD006DC6B
:105A200061B149457AD0714594D157E037E0B1F57D
:105A3000802F65D0B1F5A02F8CD10CE000F0A6FE30
:105A40006CE76846FFF7D4FD019867E703A8FFF706
:105A500071FE049862E721688903F1D47AE7DBF8E4
:105A6000001011F440310ED0494510D07145F5D1E8
:105A70003168256801F040516D077FF562AF00295C
:105A80007FF45FAF57E720680001E7D549E720685A
:105A90008000E3D503A8FFF74DFE05983EE7226896
:105AA0009203DBD554E7306810F480303AD0484593
:105AB000D4D120680001D1D56846FFF799FD02983E
:105AC0002CE7DBF8001001F0E041B1F1405F13D0AA
:105AD00008DC71B1614521D04145BFD1206880000B
:105AE000B4D437E7B1F1804F0AD0B1F1A04FB2D0B2
:105AF00030E7FFF7C7FC11E720684007AED51AE78B
:105B00002068C005AAD521E708E0DAF8001011F0F6
:105B10004051A0D0614505D041459FD1206800018A
:105B20008FD417E72068800198D5F3E650440258D7
:105B30000090D00340787D010080BB0000440258F3
:105B40002DE9FE4F0546DFF8E48350F8081B0024DA
:105B5000F64FC943019005F12800264608F12408B4
:105B6000009008011DD4A86E50B1B0F5801F0CD074
:105B7000B0F5001F0ED0B0F5401F1ED001240FE07D
:105B8000386840F40030386017E00198022106F0D0
:105B900031FE03E00098022106F0BCFE04000CD0A8
:105BA00026462888C043C00523D4A86D05281ED2E8
:105BB000DFE800F00C11161B1B00AA6ED8F80010CD
:105BC00021F440111143C8F80010EAE7386840F4A6
:105BD0000030386009E00198002106F00BFE03E078
:105BE0000098002106F096FE044674B100E00124FE
:105BF00026462888C043800528D4E86D80281ED01A
:105C00000CDC90B140280ED114E0AA6DD8F8001039
:105C100021F007011143C8F80010EAE7C02813D0AB
:105C2000B0F5807F10D001240FE0386840F40030D8
:105C3000386009E00198002106F0DCFD03E00098DF
:105C4000002106F067FE04469CB126462888DFF84E
:105C5000DC92C04309F12C0940052CD4D5F8A800EA
:105C6000B0F5800F20D00DDCA0B1B0F5001F0FD132
:105C700015E0EA6DD8F8001021F4E0711143C8F87E
:105C80000010E3E7B0F5C00F13D0B0F5000F10D04F
:105C900001240FE0386840F40030386009E00198D2
:105CA000002106F0A7FD03E00098002106F032FE77
:105CB00004467CB126462888C04300052DD4D5F87B
:105CC000AC00B0F1007F21D00EDCA8B1B0F1807F34
:105CD00010D116E0D5F8A820D9F8001021F4600101
:105CE0001143C9F80010E6E7B0F1407F13D0B0F1DE
:105CF000806F10D001240FE0386840F40030386025
:105D000009E00198002106F075FD03E000980021EC
:105D100006F000FE044674B126462868C0438001A0
:105D20001FD4E86CD8B110280FD0202812D030280A
:105D300015D0012414E0D5F8AC20D9F8001021F0DA
:105D4000E0611143C9F80010E7E7386840F400301B
:105D5000386004E00198022106F04CFD044674B15D
:105D600026462888C043C0042BD4286EB0F5005FB7
:105D700020D00DDCA0B1B0F5805F0FD115E06B48ED
:105D8000EA6C2030016821F0300111430160E8E73E
:105D9000B0F5405F13D0B0F5804F10D001240FE074
:105DA000386840F40030386009E00198002106F0BE
:105DB00021FD03E00098002106F0ACFD04468CB103
:105DC00026462888C043800429D4686EB0F5403F39
:105DD00023D010DC08B3B0F5803F14D0B0F5003FFD
:105DE0000FD115E02A6ED8F8001021F4E0411143DC
:105DF000C8F80010E5E7B0F5802F0ED0B0F5A02F61
:105E00000BD001240AE00198012106F0F3FC03E025
:105E10000098012106F07EFD044694B126462888AC
:105E2000C04340042AD4D5F8B000B0F1405F23D07D
:105E300010DC08B3B0F1805F14D0B0F1005F0FD177
:105E400015E06A6ED8F8001021F4E0211143C8F87B
:105E50000010E4E7B0F1804F0ED0B0F1A04F0BD0AE
:105E600001240AE00198012106F0C4FC03E0009837
:105E7000012106F04FFD044674B126462888C04330
:105E800000041FD4286FD8B1B0F1805F0ED0B0F1FC
:105E9000005F10D0012414E0D5F8B020D9F800102C
:105EA00021F0E0411143C9F80010E7E7386840F4F9
:105EB0000030386004E00198012106F09BFC0446A4
:105EC00074B126462868C043C0011ED4A86CD0B166
:105ED00001280ED0022811D0032814D0012413E089
:105EE0002A6FD8F8001021F040511143C8F8001073
:105EF000E8E7386840F40030386004E00198022197
:105F000006F078FC0446ACB126462868DFF81CB0E1
:105F1000C043ABF11C0B400252D40548016841F468
:105F200080710160FFF78CF9824611E02C44025821
:105F300000480258FA48AA6C016821F00301114395
:105F40000160E2E7FFF77CF9A0EB0A00642835D88E
:105F5000F4480068C005F5D58CBBDFF8C4A3B5F8DC
:105F6000B4100AF1240ADAF8000001F4407100F4D8
:105F70004070884211D0DAF80010DAF8002021F4DD
:105F8000407142F48032CAF80020DAF8002022F48E
:105F90008032CAF80020CAF80010D5F8B400B0F575
:105FA000807F1AD1FFF74CF9029012E0FFF748F911
:105FB0000299411A41F2883081420AD903242646C7
:105FC0002878DFF85CA3C0430AF1080AC00721D093
:105FD0003CE0DAF800008007E8D5D5F8B410C1F34A
:105FE0000120032858460DD0016821F47C5101603E
:105FF000B5F8B420DAF80010C2F30B021143CAF866
:106000000010DDE7C84A036802EA111223F47C514C
:106010001143ECE7E86F182816D005DCA0B108287A
:1060200008D0102804D10AE020280DD028280BD051
:1060300001240AE00198012106F0DCFB03E000984E
:10604000012106F067FC044664B126462878C04367
:1060500080071ED4A86F062819D2DFE800F0160CBE
:1060600011161616EA6FDAF8001021F03801114304
:10607000CAF80010EAE70198012106F0BBFB03E033
:106080000098012106F046FC04467CB100E00124A2
:1060900026462878C04340071FD4D5F89400062828
:1060A00019D2DFE800F0160C11161616AA6FDAF8EE
:1060B000001021F007011143CAF80010E9E7019828
:1060C000012106F097FB03E00098012106F022FC75
:1060D0000446A4B100E0012426462878C043800687
:1060E0002BD4D5F89000B0F1405F24D011DC10B370
:1060F000B0F1805F15D0B0F1005F10D116E0D5F897
:106100009420D9F8001021F007011143C9F80010BC
:10611000E3E7B0F1804F0ED0B0F1A04F0BD00124D7
:106120000AE00198002106F065FB03E000980221D7
:1061300006F0F0FB044694B126462878C04340069A
:106140002BD4D5F89C00B0F5406F24D011DC10B3EF
:10615000B0F5806F15D0B0F5006F10D116E0D5F80E
:106160009020DAF8001021F0E0411143CAF8001045
:10617000E3E7B0F5805F0ED0B0F5A05F0BD001244F
:106180000AE00198002106F035FB03E000980221A7
:1061900006F0C0FB044694B126462878C0430006AA
:1061A0002BD4D5F8A000B0F5C04F24D011DC10B32B
:1061B000B0F5005F15D0B0F5804F10D116E0D5F8DE
:1061C0009C20D9F8001021F4E0511143C9F80010C7
:1061D000E3E7B0F5004F0ED0B0F5204F0BD001240F
:1061E0000AE00198002106F005FB03E00098022177
:1061F00006F090FB044654B126462878C0430007B9
:106200001ED4D5F88400B0F5805F0AD00FE0D5F831
:10621000A020D9F8001021F460411143C9F8001002
:10622000EBE70098022106F075FB00B10126D5F8D6
:106230008420DAF8001021F440511143CAF800100C
:106240002878C043C00613D4D5F89800B0F5807FF5
:1062500005D10098022106F05DFB00B10126D5F8BA
:106260009820D9F8001021F440711143C9F80010AA
:106270002868C043000316D4D5F8A40038B1B0F59F
:10628000803F09D0B0F5003F0BD001240AE001980F
:10629000002106F0AFFA03E00098022106F03AFB75
:1062A00004468CB126462868C043400322D4D5F862
:1062B0008800B0F5801F11D0B0F5001F13D0B0F5E5
:1062C000401F15D0012414E0D5F8A420D9F80010FF
:1062D00021F440311143C9F80010E4E7386840F474
:1062E0000030386004E00098012106F013FB0446FA
:1062F0005CB126462868C043C00323D4286DA8B1EA
:10630000B0F5803F17D001241BE0D5F88820DAF8DB
:10631000001021F440111143CAF80010EAE7000010
:106320004C44025800480258CFFFFF00386840F440
:106330000030386004E00198022106F05BFA044660
:10634000E4B126462868C043800005D400980221A5
:1063500006F0E0FA00B101262868C04380031BD490
:10636000D5F88000B0B1B0F5807F0FD0B0F5007FD8
:1063700010D0B0F5407F0DD001240CE05A482A6DB2
:10638000016821F4803111430160DBE7386840F493
:1063900000303860ECB326462868C043C00207D4FA
:1063A0006A6FD8F8001021F000411143C8F80010BE
:1063B0002868C043C00008D4D5F8B820DBF8001026
:1063C00021F480411143CBF800102868C0438002BB
:1063D00007D4EA6ED8F8001021F080711143C8F894
:1063E00000102868C04340000CD4DBF8001021F4F2
:1063F0000041CBF80010DBF80010D5F8BC201143A9
:10640000CBF800102868C04308D437486A6D01688B
:1064100000E018E021F04051114301602868C043BA
:10642000000208D4D5F88C20DAF8001021F44001DD
:106430001143CAF8001028790024C04300F001007D
:1064400020430AD00FE0D5F88020DAF8001021F4BC
:1064500040711143CAF800109EE70198002106F030
:10646000C9F900B106462879C04300F00200204374
:1064700005D10198012106F0BDF900B10646287941
:10648000C04300F00400204305D10198022106F02A
:10649000B1F900B106462879C04300F00800204356
:1064A00005D10098002106F035FA00B1064628799A
:1064B000C04300F01000204305D10098012106F0F0
:1064C00029FA00B106462879C04300F020000443B1
:1064D00004D10098022106F01DFA00B916B101207E
:1064E000BDE8FE8F0020FBE74C4402582DE9F05F29
:1064F00004000F467ED0DFF83882D8F8000000F0A4
:106500000F00B8420CD2D8F8001021F00F01394327
:10651000C8F80010D8F8000000F00F00B84269D1A8
:106520002078844D40070AD52069296801F0700160
:10653000884204D9296821F070010143296020783C
:106540007C4E361D00070AD56069316801F0700184
:10655000884204D9316821F070010143316020780C
:10656000C0060AD5A069316801F4E061884204D907
:10657000316821F4E061014331602078DFF8B4B183
:1065800080060BF1080B0CD5E1695846DBF80020BA
:1065900002F07002914204D9026822F070020A43AC
:1065A0000260207880070AD5E068296801F00F01B1
:1065B000884204D9296821F00F010143296020781D
:1065C000C0073ED05B49A2682868183920F4706083
:1065D000104328606068022818D0032819D0096881
:1065E000012819D0490700294ADADFF848A1AAF1A1
:1065F000080A00E044E0DAF8002022F00702024333
:10660000CAF80020FEF71CFE814612E009688903E3
:10661000E9E709688901E6E7C905E4E7FEF710FE46
:10662000A0EB090141F28830814202D90320BDE884
:10663000F09F6168DAF8000000F03800B0EBC10F9D
:10664000ECD1207880070AD5E068296801F00F01B5
:10665000884204D2296821F00F0101432960D8F84B
:106660000010404601F00F01B9420BD9016821F03A
:106670000F0139430160006800F00F00B84201D0FB
:106680000120D4E7207840070AD52069296801F065
:106690007001884204D2296821F070010143296009
:1066A000207800070AD56069316801F070018842DE
:1066B00004D2316821F07001014331602078C006B6
:1066C0000AD5A069316801F4E061884204D23168DA
:1066D00021F4E06101433160207880060CD5E16946
:1066E0005846DBF8002002F07002914204D20268A2
:1066F00022F070020A43026000F06CF80E492A682A
:106700002B68C2F3032203F00F038A5CC95C02F01A
:106710001F0201F01F01D040084A20FA01F1116068
:106720000749086007480068BDE8F05FFEF7C4BD90
:1067300000200052184402584EFD000818000024A2
:10674000140000240C00002430B500F043F80B4A7C
:106750000B490C4B15681468C5F3032204F00F04B1
:106760008A5C095D02F01F0201F01F01D040064A59
:1067700020FA01F119601060084630BD1844025833
:106780004EFD0008180000241400002400B5FFF797
:10679000DBFF05490968054AC1F30211515C01F0AC
:1067A0001F01C84000BD00001C4402584EFD0008F7
:1067B00000B5FFF7C9FF05490968054AC1F3022181
:1067C000515C01F01F01C84000BD00001C4402588C
:1067D0004EFD0008454970B545480968434B103BDC
:1067E00011F0380208D00111082A03D0102A0BD06A
:1067F000182A0BD0084670BD19688906FBD51968A0
:10680000C1F3C101C84070BD3A4870BD3749374D2A
:1068100018310C1D24350A68096826682D6802F0B5
:10682000030406F00102C1F30511C5F3CC0515FB05
:1068300002F200EE102AB8EE400AE9B32F4ADFED6B
:106840002E0AB7EE001A6CB1DFED2D1A012C01D023
:10685000022C43D002EE101A1068F8EE422A81EEA4
:10686000A22A1EE01C68A40611D51B6801EE901A2E
:106870001168C3F3C103F8EE612AD84001EE900A13
:10688000C1F30800F8EE611A81EEA22A0BE001EED6
:10689000901ADFED1C2A00BFF8EE611A106882EE34
:1068A000A12AC0F3080001EE900AF8EE611A40EE4A
:1068B000201A31EE810A00E015E022EE000A10688D
:1068C000C0F34620401C00EE900AF8EE600A80EE0D
:1068D000201ABCEEC10A10EE100A70BD01EE901A2B
:1068E000DFED092AD8E7002070BD000010440258EF
:1068F0000090D00340787D010000003930440258F8
:106900000024744A0024744C20BCBE4B2DE9F05F77
:1069100004007DD0FF4F2078FE4D1837DFF8F49348
:10692000103DC00748D0D9F80000396800F03800A1
:10693000102815D0182803D101F0030002280FD029
:106940006068B0F5803F12D010B1B0F5A02F18D01C
:10695000286820F480302860286820F4802009E02E
:106960002868800328D560680028D2D024E02868F1
:1069700040F480302860606888B1FEF761FC06460C
:1069800009E0286840F480202860F0E7FEF758FC12
:10699000801B64286FD828688003F7D50CE0FEF7C9
:1069A0004FFC064605E000BFFEF74AFC801B64284A
:1069B000F0D828688003F7D4207841F20308D54E38
:1069C0000C3E800769D5D9F80000396810F038000E
:1069D0000ED0182801D188070AD0E06890B3296842
:1069E00021F0190101432960FEF72AFC824631E0BB
:1069F0002868400702D5E06800288AD0E168286846
:106A000020F0190008432860FEF71AFC824607E0D0
:106A1000DFE000BFFEF714FCA0EB0A000228B9D8A3
:106A200028684007F6D500BFFEF704FC40451BD898
:106A30002069402812D0316821F47C3141EA0030CD
:106A400030602AE018E000BFFEF7FAFBA0EB0A0076
:106A500002289FD828684007F6D5E5E7306820F47B
:106A60007C3040F40030EBE7207C316821F0FE41BF
:106A700041EA0060E4E70DE1286820F001002860A9
:106A8000FEF7DEFB824605E0FEF7DAFBA0EB0A002C
:106A900002288DD828684007F6D42078C0065DD536
:106AA000D9F80000DFF86CB2396800F03800ABF1BB
:106AB000040B082810D0182803D101F00300012886
:106AC0000AD0E0690028286838D040F080002860AB
:106AD000FEF7B6FB824623E02868C00523D5E069AF
:106AE000802876D11FE0206A202821D0316821F04B
:106AF000F84141EA8060306030E000BF94F8201037
:106B0000DBF8002022F07C5242EA0161CBF8001051
:106B100024E000BFFEF794FBA0EB0A00022898D8FF
:106B20002868C005F6D5FEF785FB4045E6D8DAE7CC
:106B3000306820F0F84040F08040DCE720F0800032
:106B40002860FEF77DFB064605E000BFFEF778FBF8
:106B5000801B02289DD82868C005F7D4207800073C
:106B600029D56C486169643000298046016811D0DC
:106B700041F001010160FEF763FB064605E000BF3E
:106B8000FEF75EFB801B0228C9D8D8F800008007FA
:106B9000F6D510E021F001010160FEF751FB064639
:106BA00005E000BFFEF74CFB801B022872D8D8F826
:106BB00000008007F6D42078800623D5A06900283D
:106BC000286810D040F480502860FEF739FB064654
:106BD00005E036E1FEF734FB801B02285AD828680E
:106BE0008004F7D50EE020F480502860FEF728FBE3
:106BF000064604E0FEF724FB801B02284AD82868DA
:106C00008004F7D4207840074FD5DFF80C81D8F8FE
:106C1000001041F48071C8F80010FEF711FB064621
:106C200005E000BFFEF70CFB801B642832D8D8F8C3
:106C30000000C005F6D5374EA068603601280AD09E
:106C400008B1052813D0306820F0010030603068AA
:106C500020F0040002E0306840F001003060A068DD
:106C600041F2883A90B1FEF7EBFA80460AE03068CC
:106C700040F004003060EEE7FEF7E2FAA0EB080116
:106C8000514507D830688007F6D50EE0FEF7D8FAF0
:106C9000804607E084E000BFFEF7D2FAA0EB0801CF
:106CA00051457DD830688007F6D4606AB0B3DFF80C
:106CB0006480D9F8001008F120084FF6F87B08F13D
:106CC0000409C1F3C2010329A8F1040A69D002280A
:106CD000286820F08070286003D0FEF7B1FA0446DF
:106CE00084E0FEF7ADFA064605E000BFFEF7A8FA1D
:106CF000801B022877D828688001F7D4E26A40F226
:106D0000F331386854F8283F884340EA02101843AA
:106D1000386004E01044025800480258B5E0217B76
:106D2000434622894FF4FE0C208A4FF0FE47490269
:106D3000267D521E401EA1F50071C2F308088AB2DA
:106D4000761E0CEA004042EA08020243504607EA77
:106D500006610A431A60DAF8002022F00102CAF83C
:106D60000020D9F80020266A22EA0B0242EAC60275
:106D7000C9F80020DAF80010A26921F00C011143D3
:106D8000CAF800100168E26921F0020111430160B4
:106D9000016841F480310160016841F4003101E093
:106DA00021E027E00160016841F480210160016871
:106DB00041F001010160286840F080702860FEF712
:106DC0003FFA044605E000BFFEF73AFA001B02282E
:106DD00009D828688001F7D557E000BFFEF730FAE0
:106DE000001B022802D90320BDE8F09F286880011B
:106DF000F4D44AE039680128D8F8000021D0A26A0A
:106E000001F0030393421CD1E26AC1F305118A42E7
:106E100017D1216BC0F30802491E8A4211D1616B60
:106E2000C0F34622491E91420BD1A16BC0F306422A
:106E3000491E914205D1E16BC0F30660491E8142B3
:106E400001D00120D0E7A16C4E46D9F80000C0F374
:106E5000CC00814219D0DAF80000554620F001003C
:106E6000CAF80000FEF7ECF94FEA0007FEF7E8F970
:106E7000B842FBD0A26C306820EA0B0040EAC200A6
:106E80003060286840F0010028600020ACE7000076
:106E900070B5040015460E4603D094F8450010B1B5
:106EA00007E0012070BD002084F84400204600F077
:106EB00025F8206804F10801FCF7C0FFA2683146FC
:106EC0002068FDF705F8E36A2946D4E90102FCF7DA
:106ED00095FFA16801232068074A50F8215045F02A
:106EE000010540F82150106840F00040106084F81F
:106EF0004530002070BD0000004000527047401E29
:106F0000B0F1807F10B501D3012010BD4FF0E02417
:106F100060610F21601707F049FA0020A061072186
:106F2000216110BD30B590F88410012918D00122DC
:106F300080F884202421C0F88810002220240168D1
:106F40000B680D6823F0005325F001050D604266C3
:106F500001680B60C0F8884080F88420104630BD7E
:106F6000022030BD7047704770B5044690F8840029
:106F700001281DD0012284F884202420C4F8880030
:106F800020680568026822F00102026020688268B9
:106F900022F060620A438260204605F0F1FF226819
:106FA000202100201560C4F8881084F8840070BD8A
:106FB000022070BD70B5044690F8840001281DD0F1
:106FC000012284F884202420C4F888002068056801
:106FD000026822F0010202602068826822F06042AA
:106FE0000A438260204605F0CBFF22682021002062
:106FF0001560C4F8881084F8840070BD022070BD4C
:107000007047704770B50446216851E8000F20F4BE
:10701000907041E80002002AF6D1234A2068083027
:1070200050E8001F114040E80013002BF6D1E06E3D
:10703000012808D1216851E8000F20F0100041E834
:107040000002002AF6D1206800258068400618D585
:107050002068083050E8001F21F0400140E800128D
:10706000002AF5D1D4F8800058B10565D4F8800025
:10707000FDF7EAFC28B1D4F88000FDF7A3FF202833
:107080000DD022680F20202110622068826942F012
:1070900008028261C4F88C10E566002070BD1020E3
:1070A000C4F89000032070BDFEFFFFEF70B5184DCF
:1070B0000F21044617482A68A2420ED14268521C8A
:1070C0004260206801622046FFF79CFF281D06F001
:1070D0009EFD28680122294611E00F4D2A68A24230
:1070E00011D10269521C0261206801622046FFF73B
:1070F00089FF281D06F08BFD28680122294601F52D
:10710000847100F081FB2046BDE87040FCF742BD71
:10711000F8970024B8000024049900242DE9F041D8
:1071200007680025044640F60F030226F86939680F
:10713000BA6818420AD183067ED501F0200302F016
:10714000805C53EA0C0377D0616F7EE1D44BDFF8AB
:1071500054C3134001EA0C0C53EA0C0C6CD05FEAE8
:10716000C07C0CD05FEAC15C09D54FF0010CC7F8B8
:1071700020C0D4F8907047F00107C4F890708707DA
:1071800009D5D70707D027683E62D4F8906046F04B
:107190000406C4F8906046070AD5D60708D02768C9
:1071A00004263E62D4F8906046F00206C4F890606F
:1071B00006070CD501F020061E4308D026680823D8
:1071C0003362D4F8903043F00803C4F890300305DC
:1071D0000BD54B0109D526684FF400633362D4F810
:1071E000903043F02003C4F89030D4F89030002B56
:1071F0003DD0800609D501F0200002F080510843FF
:1072000003D0616F09B1204688472168D4F8900007
:107210008968490602D410F0280F2AD0204605F0CC
:107220008FFF2068806840061ED52068083050E82F
:10723000001F21F0400100E021E040E80012002A98
:10724000F3D1D4F8800078B197490165D4F8800073
:10725000FDF7AAFD00280AD0D4F88000016D00E0F7
:107260002046BDE8F04108472046FFF71FFFBDE874
:10727000F0812046FFF71AFFC4F89050F7E7D4F8E2
:107280006CC02023BCF1010F7ED15FEAC06C7BD5BE
:107290005FEAC16C78D510203862206880684006AB
:1072A00073D5D4F8802081491068884234D07F4952
:1072B0001831884230D07D49303188422CD07B490A
:1072C0004831884228D079496031884224D07749B2
:1072D0007831884220D07549903188421CD073495A
:1072E000A831884218D07249884215D070491831A7
:1072F000884211D06E49303188420DD06C494831F6
:10730000884209D06A496031884205D0684978319D
:10731000884201D06649903140684FF4807700047C
:10732000000C40D0B4F85C1081423CD9A4F85E0057
:10733000D069B8422FD0216851E8000F20F4807046
:1073400041E80002002AF6D12068083050E8001F0A
:1073500021F0010140E80012002AF5D12068083030
:1073600050E8001F21F0400140E80012002AF5D14A
:10737000C4F88C30E566206850E8001F21F0100149
:1073800040E80012002A01E04AE019E0F3D1D4F805
:107390008000FDF759FB2667B4F85C00B4F85E1076
:1073A000401A81B208E0B4F85C1081427FF466AF05
:1073B000D069B842FAD126672046FFF7D3FD56E7D9
:1073C000B4F85C00B4F85E10B4F85E20401A81B2E4
:1073D000002AF4D00029F2D0226852E8000F20F4ED
:1073E000907042E80007002FF6D1324F206800F17C
:1073F000080050E8002F02EA070240E8002CBCF128
:10740000000FF3D1C4F88C30E5666567226852E856
:10741000000F20F0100042E80003002BF6D1CAE76D
:10742000C60209D5560207D54FF4801038622046AF
:10743000BDE8F041FFF7E5BD06060AD501F080067C
:1074400002F40002164304D0A16F00297FF408AFB4
:107450000DE7420611D54A060FD52046016851E8CE
:10746000002F22F0400241E80024002CF6D1C0F8A1
:107470008830856700F080FAF9E6020206D54A00F6
:1074800004D52046BDE8F041FFF7BABDC00196D54E
:10749000002994DA2046BDE8F041FFF764BD000002
:1074A000010000102001000437D100081000024044
:1074B00010040240FEFFFFEF10B5040003D0D4F823
:1074C000880010B107E0012010BD002084F884007E
:1074D000204600F027F82420C4F8880020680168BE
:1074E00021F001010160A06A10B1204605F06AFD9B
:1074F000204606F0B7F80128E6D02068416821F45C
:10750000904141602068816821F02A0181602068F3
:10751000016841F0010101602046BDE8104005F01E
:10752000B5BD00002DE9F047B6B00446142130A8DF
:10753000F9F7EFFCC0216846F9F7EBFC6C4D022629
:107540006D4907272068103DDFF8A4910024DFF87B
:10755000A4A188422FD100201F940121CDE9001061
:107560006846FEF7EDFA08B1FCF738FCD9F80010D0
:1075700041F01001C9F80010D9F8000000F0100027
:107580003590286840F001002860286830A900F094
:10759000010035904FF4C0603090CDE93164CDE901
:1075A00033475046FDF722FD002225201146FDF706
:1075B0000DFF252032E05149DFF84481884232D165
:1075C00000201E940221CDE900106846FEF7B8FAAB
:1075D00008B1FCF703FCD8F8001041F40031C8F8FA
:1075E0000010D8F8000000F400303590286840F012
:1075F00001002860286830A900F0010035900C20B7
:107600003090CDE93164CDE933475046FDF7EEFCCB
:10761000002226201146FDF7D9FE2620FDF7C8FEE0
:1076200036B0BDE8F087374988422FD100201E943C
:107630000221CDE900106846FEF782FA08B1FCF796
:10764000CDFBD8F8001041F48021C8F80010D8F81C
:10765000000000F480203590286840F00200286087
:10766000286830A900F0020035904FF44060309057
:10767000CDE931642448CDE93347FDF7B7FC00225A
:1076800027201146FDF7A2FE2720C7E71F498842A1
:10769000C6D100201F940121CDE900106846FEF7F5
:1076A0004FFA08B1FCF79AFBD9F8001041F020011D
:1076B000C9F80010D9F8000000F0200035902868C3
:1076C00040F004002860286830A900F004003590DC
:1076D000C0203090CDE931640D48CDE93347FDF746
:1076E00085FC002247201146FDF770FE472095E7F4
:1076F000F0440258000002580010014000440040CD
:10770000E8440258004800400004025800140140B8
:10771000000802582DE9F84F0446D0F88C009B462B
:1077200016460D46202802D00220BDE8F88F8DB302
:1077300086B30027C4F890702220C4F88C00E76656
:107740002034FDF77DFD824654F8180CA6874FF4CF
:107750008053E687FF21203C984204D12269B2B9C8
:1077600040F2FF1113E04FF07F0270B1B0F1805F83
:1077700011D0A4F8607000BFB4F86070984201D1D5
:10778000206978B12E4600250DE026693EB9A4F89F
:107790006010F1E728E0216909B13F21F7E7A4F87B
:1077A0006020E9E700264FF0200807F0FF0900BF3E
:1077B000B4F85E0020B30022534620212046CDF8C5
:1077C00000B006F0ADF918B1C4F88C800320ACE726
:1077D0002068406A56B100EA090006F8010B00BFB4
:1077E000D4F88C00222805D001209EE7384025F8E7
:1077F000020BF5E7B4F85E00401EA4F85E00D7E780
:10780000C4F88C80002090E730B4D0F88C30202B66
:1078100002D0022030BC7047A9B1A2B10B4D0024A8
:107820000368C466AB420BD05B681B0208D50468D2
:1078300054E8003F43F0806344E80035002DF6D162
:1078400030BC06F0E5B80120E4E70000000C005869
:1078500070B5184D0646184C2868B0420ED195F800
:107860000811281D06F0F6F92068401C2060FDF77D
:10787000E7FCA06001222868294611E00F4D286826
:10788000B04211D195F80811281D06F0E3F9E0681F
:10789000401CE060FDF7D4FC6061012228682946A5
:1078A00001F58471FFF7B0FF3046BDE87040FCF78A
:1078B00087B90000F8970024B80000240499002438
:1078C0002DE9F84F0446D0F88800984615460E4634
:1078D000202802D00220BDE8F88F96B38DB3002196
:1078E0004FF02109C4F89010C4F888901834FDF7BF
:1078F000A7FC824654F8100CA587E587183CB0F524
:10790000805F01D1206910B13546002600E00025D6
:107910005FF02007B4F8560053464FF00002CDF850
:107920000080E0B18021204606F0FAF8E0B955B1B8
:1079300015F8010B21688862D4F8881039EA010033
:1079400007D00120C7E736F8020B2168C0F3080012
:10795000F1E7B4F85600401EA4F85600DAE74021DB
:10796000204606F0DDF818B1C4F888700320B2E7AD
:10797000C4F888700020AEE77047FEE770B50D4D83
:107980004FF4005421462846FDF74AFC38B914202C
:10799000FDF71AFB21462846FDF742FC08B10020FE
:1079A00070BD21462846FDF73BFC0028F9D0012098
:1079B00070BD00000008025858B10A498A7852B1D7
:1079C00082420CD1C878FF2801D2401CC870002028
:1079D00070470220704788700122CA70F7E70120C3
:1079E000704700002400002438B504004FF0000068
:1079F000009017D000F0F4F80BA002F0C9F840F2A4
:107A0000DC5001F083FF00280BD10C4809A1F9F7E5
:107A1000FAF838B10AA16A46F8F7B6FF0098207064
:107A2000002038BD012038BD41542B4347415454F8
:107A30003F0D0A002B43474154543A00BC04002434
:107A40002B43474154543A20256400001CB50400E0
:107A50004FF000000190009018D000F0C1F80CA089
:107A600002F096F840F2DC5001F050FF00280CD1F3
:107A70000C480AA1F9F7C7F840B101AA6B460AA160
:107A8000F8F782FF0098207000201CBD01201CBD6B
:107A900041542B43475245473F0D0A002B43475261
:107AA00045473A00BC0400242B43475245473A203F
:107AB00025642C25640000001CB504004FF0000074
:107AC0000190009018D000F08BF80CA002F060F844
:107AD00040F2DC5001F01AFF00280CD10C480AA13A
:107AE000F9F791F840B101AA6B460AA1F8F74CFFEB
:107AF0000098207000201CBD01201CBD41542B4368
:107B00005245473F0D0A00002B435245473A0000BB
:107B1000BC0400242B435245473A2025642C25649D
:107B20000000000010B500F05BF804A002F030F88F
:107B3000BDE8104040F2DC5001F0E8BE41542B4358
:107B400050494E3F0D0A000004484FF4005110B553
:107B5000F9F7DFF902490020888010BDBC04002439
:107B6000240000240448502110B5F9F7D2F9034845
:107B700000214170816010BDBC2400242400002439
:107B800010B50446F9F780F82146BDE8104082B2EE
:107B900002484FF47A73FFF793BE000030030024CD
:107BA000002808D0002906D00A46014602484FF4B2
:107BB0007A73FFF785BE70473003002400280BD08E
:107BC00006498A78824207D1C878012801D9401E27
:107BD00001E000208870C870704700002400002475
:107BE00010B5FFF7B1FF06E00123094909481A461D
:107BF000FFF790FD38B9FDF723FB0446FDF720FBA6
:107C0000001B0A28F0D3BDE81040FFF79DBF00001D
:107C1000240000247401002400487047BC040024A0
:107C200070B505000C4617D0B4B1FFF7D9FF0BA013
:107C300001F0AEFF40F2DC5001F068FE00280AD1EE
:107C40000B4809A1F8F7DFFF30B10AA123462A4605
:107C5000F8F79AFE002070BD012070BD41542B43FF
:107C600053510D0A000000002B4353513A0000000D
:107C7000BC0400242B4353513A2025642C25640076
:107C800010B540B10749497839B107495022F9F791
:107C9000ECF8002010BD012010BD5021F9F739F992
:107CA000F9E7000024000024BC2400242DE9F04161
:107CB00007000E4628D03EB3F9F709F9FFF790FF09
:107CC00012A001F065FF4FF4FA6001F01FFE0028DA
:107CD00018D112482221F8F78CFF040014D0222179
:107CE000601CF8F786FF78B1001B401E85B2B542D4
:107CF00001D3761EB5B23846611C2A46F9F72EF834
:107D000000207855BDE8F0810120FBE741542B436A
:107D10004750414444520D0A00000000BC040024B6
:107D200070B5040026D05021F9F7F3F802F038F8C6
:107D30004FF0000608B126701CE001252570FFF702
:107D4000F1FE08B1667015E0201D657004F10801B0
:107D5000FFF766FF70B904F10C00FFF7ADFE48B9FC
:107D600004F10D00FFF772FE20B904F10E00FFF7D9
:107D70003BFE08B1012070BD04F10F002021064632
:107D800000F028F818B10DA13046F8F74EFF04F1C5
:107D90002F0020210646FFF789FF18B109A13046C0
:107DA000F8F743FF094850222146F9F75EF8084CDE
:107DB0006570FDF745FAA060002070BD554E4B4E32
:107DC0004F574E00302E302E302E3000BC24002471
:107DD000240000242DE9F04107000E4628D03EB3D0
:107DE000F9F775F8FFF7FCFE12A001F0D1FE4FF491
:107DF000FA6001F08BFD002818D111482221F8F714
:107E0000F8FE040014D02221601CF8F7F2FE78B1CD
:107E1000001B401E85B2B54201D3761EB5B238466E
:107E2000611C2A46F8F79AFF00207855BDE8F081DA
:107E30000120FBE741542B434F50533F0D0A0000F4
:107E4000BC04002407488078012805D0022805D00A
:107E5000032805D004A0704705A0704706A070470E
:107E600007A07047240000244E4F4E45000000003C
:107E700044494147000000004D51545400000000A7
:107E800050524F544F434F4C00000000012010B59A
:107E900001F09CFC06488021FDF7C2F9FFF754FE73
:107EA000FFF760FE034800218170C17010BD000023
:107EB000001C02582400002470B505000C46ADF5E6
:107EC000206D7DD0002C7BD02CA8FAF795FE2021C8
:107ED0000DF6DC1002F092FD4FF480620DF2DC51E1
:107EE000F7A802F084FC9DED660A0DF1FA020DF28E
:107EF000DC56B7EEC00A8DED2A0B9DED650AB7EE94
:107F0000C00A8DED280B9DED640AB7EEC00A8DED19
:107F1000260B9DED630AB7EEC00A8DED240B9DED97
:107F2000620AB7EEC00A8DED220B9DED610AB7EE35
:107F3000C00A8DED200B9DF880011E9047A89DED95
:107F40005F0AB7EEC00A8DED1C0B9DED5E0AB7EE21
:107F5000C00A8DED1A0B9DED5D0AB7EEC00A8DEDDE
:107F6000180B9DED5C0AB7EEC00A8DED160B9DED6A
:107F7000500AB7EEC00A8DED140B9DED4F0AB7EE17
:107F8000C00A8DED120B9DF81A319DF81B11CDE939
:107F90000F100DF1DA01CDE90D23C59BCEAA09938F
:107FA0000DF6DC13C6A80C913599CDE90A02CDE98E
:107FB0000713CDE905269DF8D9209DF8D81000E0DB
:107FC00011E0C59BCDE90330CDE901129DF8D00049
:107FD0002CAB064A214600902846F8F77FFA00208D
:107FE0000DF5206D70BD0420FAE700005C3101083A
:107FF00070B51A4C2078042804D202F091FA03F0EC
:108000006FFB29E0062840F6B8350BD3002001F0BD
:10801000CDF838B903F02AFC11A0294603F00EFE72
:1080200002F092FC11A002F077FE14A001F0B0FD66
:1080300017A0294603F002FE20B118A002F0F2FDBD
:10804000012070BD0120207002F06AFA03F048FBA5
:108050001749032002F018FB002070BD44000024E3
:108060002B4D5154545055423A00000041542B4D71
:10807000515454434C4F53453D31000041542B4D16
:10808000515454434C4F53453D310D0A00000000FC
:108090002B4D515454434C4F53453A005B4D515472
:1080A000545D20436C6F7365206661696C65640084
:1080B00034720024FEB5474C207838B1062879D2B6
:1080C00001F0F2FA050006D043A009E04AA002F050
:1080D0007DFA0520FEBD01F0D3FA050003D050A0C3
:1080E00002F074FA57E05649A1F14000054601F04C
:1080F000C3F9060004D053A002F068FA3046FEBD72
:1081000057494FF4806001F1200691F8C52391F89A
:10811000C433002AB1F8C22309D003B10123B1F856
:10812000801002924FA2CDE90013334608E003B15C
:108130000123B1F88010029252A2CDE90013334618
:1081400001465848F8F7CAF957A002F03FFA5EA076
:10815000314602F04DFA3A495EA0803902F048FA01
:1081600060A0294602F044FA032020704D4802F036
:10817000D3FD4C4801F00CFD5EA04EF6602103F0EB
:1081800005FD050009D05EA002F020FA64A002F00F
:1081900049FD02F071F82846FEBD0427277066A04D
:1081A00002F014FA03F062FC0328054607D00DB173
:1081B000277000E00CE067A002F034FDEBE706203A
:1081C00020706C4802F002FA0220314602F05CFA9C
:1081D0000020FEBD440000245B4D5154545D2054EA
:1081E0004C532076657273696F6E207365742066D8
:1081F00061696C65640D0A005B4D5154545D204308
:108200006F6E6E6563742064656E6965643A206E96
:108210006574206E6F742072656164790D0A0000C8
:108220005B4D5154545D20544C53206D6F64652058
:10823000636F6E666967206661696C65640D0A002C
:10824000167300245B4D5154545D204D51545455C8
:10825000534552206661696C65640D0A0000000098
:108260001472002441542B4D5154544F50454E3DEF
:10827000312C222573222C25752C25752C25752C47
:10828000320D0A0041542B4D5154544F50454E3D30
:10829000312C222573222C25752C25752C25750D46
:1082A0000A000000145F00245B4D5154545D2043CC
:1082B0006F6E6E656374696E672062726F6B657254
:1082C0002E2E2E0D0A0000002020486F73743A20D5
:1082D000000000002020436C69656E7449443A2018
:1082E000000000002020557365726E616D653A20B4
:1082F000000000002B4D5154544F50454E3A0000A1
:108300005B4D5154545D2042726F6B657220636FF8
:108310006E6E656374206661696C65640D0A0000A9
:108320005B4D5154545D204D5154544F50454E2097
:108330006661696C656400005B4D5154545D204278
:10834000726F6B657220736F636B6574206F7065FD
:108350006E0D0A005B4D5154545D20536573736973
:108360006F6E20636F6E6E656374206661696C6505
:1083700064000000E82F0108002804D0024940F200
:10838000CA32F8F7EBBC70471472002400487047FB
:10839000145700240148006A70470000440000247C
:1083A000004870471470002400A0704700000000CF
:1083B0000148807C70470000440000240148806B25
:1083C000704700004400002400487047146C0024EB
:1083D0000148007870470000440000240D480078F0
:1083E000082815D2DFE800F00406080A0C0E101267
:1083F00009A070470AA070470CA070470EA07047F4
:1084000011A0704713A0704717A0704719A07047BC
:108410001BA070474400002449444C450000000064
:108420004E45545F5245414459000000544C535F3F
:108430005245414459000000534F434B45545F4F50
:1084400050454E494E470000534F434B45545F4FF4
:1084500050454E0053455353494F4E5F434F4E4E88
:10846000454354494E470000434F4E4E4543544503
:1084700044000000535542534352494245440000D2
:10848000554E4B4E4F574E00072813D2DFE800F0F1
:108490000406080A0C0E100007A0704707A07047DA
:1084A00008A0704709A070470AA070470DA0704748
:1084B0000FA0704711A070474F4B00004552524F1C
:1084C0005200000054494D454F5554004E4F5F44F3
:1084D00041544100494E56414C49445F504152413C
:1084E0004D0000004E4F545F52454144590000007A
:1084F00050415253455F4552524F5200554E4B4EDC
:108500004F574E0070B50400C0B02FD04FF48071AB
:108510000246684603F096F930A0694602F068F812
:1085200033A002F0CFFB204603F090FF041E20D0C2
:10853000012820D0022820D0032C20D032A134A042
:1085400002F056F803F026FE010004D0087810B1BE
:1085500036A002F04DF83CA002F0B4FB012C40A282
:108560000FD0022C0FD0032C0FD00FE0042040B00E
:1085700070BD3CA1E3E73CA1E1E73EA1DFE741A1FB
:10858000DDE739A202E03BA200E03EA2404E414DB1
:1085900096F8C80358B12878062808D374B13EA1CC
:1085A000684600F067FD10B13DA002F00FF83CB145
:1085B0000920694602F068F80120D8E741A1EFE7F9
:1085C00096F8C70320B12878062801D30120A872A5
:1085D0000820694602F058F80020C8E75B4D515466
:1085E000545D2048616E646C6520434D443A200020
:1085F0005B4D5154545D2052656C61792062656613
:108600006F72653A20000000554E4B4E4F574E009A
:108610005B4D5154545D2050726F746F636F6C20CA
:108620007374617475733A20000000005B4D5154FF
:10863000545D2050726F746F636F6C206465746159
:10864000696C3A20000000005B4D5154545D20528B
:10865000656C61792061667465723A2000000000E3
:108660004F4B00004F4B0000554E4B4E4F574E5F47
:10867000434D4400494E56414C49445F504152419C
:108680004D000000455845435F4552524F5200008F
:1086900014720024440000246572726F720000009E
:1086A0005B4D5154545D205075626C697368206352
:1086B0006F6D6D616E642061636B206661696C65CE
:1086C000640D0A00737563636573730070B54FF4CE
:1086D000807427482146F8F71CFC65002548294688
:1086E000F8F717FC24482946F8F713FC23482946D5
:1086F000F8F70FFCA60022483146F8F70AFC21489B
:108700003146F8F706FC20482146F8F702FC1F48DE
:10871000E100F8F7FEFB1E483146F8F7FAFB1D486A
:108720002946F8F7F6FB1C4C00251C484FF4316134
:108730002562A58265622570A561E561F8F7E9FB10
:10874000174801F0D7FEA5704FF44071E570257110
:1087500014486570F8F7DDFBE57401F0E1FE02F006
:10876000BFFF01F0CFFEBDE870400F4800F028B811
:1087700014540024145500241457002414590024C0
:10878000145B0024145F0024146300241464002488
:10879000146C0024147000244400002404490024B4
:1087A0002C470024F8940024147200240348007815
:1087B000062801D3012070470020704744000024A0
:1087C00010B5040051D040F2CA31F8F780FB2021E7
:1087D000204626A203F036F8602126A204F12000EC
:1087E00003F030F842F2B320A4F8800040212AA21E
:1087F00004F1820003F026F840212BA204F1C2000C
:1088000003F020F840212AA204F5817003F01AF841
:10881000802129A204F5A17003F014F880212EA272
:1088200004F5E17003F00EF8802133A204F2422037
:1088300003F008F8802138A204F2C22003F002F805
:1088400080213DA204F2423002F0FCFF3C22A4F859
:10885000C223012084F8C40384F8C503002184F8EE
:10886000C61384F8C70384F8C80310BD33676E6568
:108870007400000072633131616463312E616C6198
:108880002E636E2D68616E677A686F752E656D71E7
:1088900078736C2E636E000072656C61795F683767
:1088A00034335F303031000068373433000000006B
:1088B00031323334353600006465766963652F7272
:1088C000656C61795F683734335F3030312F646FA6
:1088D000776E2F636D6400006465766963652F723F
:1088E000656C61795F683734335F3030312F757074
:1088F0002F737461747573006465766963652F7294
:10890000656C61795F683734335F3030312F757053
:108910002F61636B000000006465766963652F72E8
:10892000656C61795F683734335F3030312F757033
:108930002F6576656E7400006465766963652F72D5
:10894000656C61795F683734335F3030312F757013
:108950002F6F6E6C696E65002DE9F84F5FEA0008B5
:108960001D4691460E46DDF828A014D09EB195B163
:10897000B9F1000F0FD05FEA0A000CD00020307070
:108980002870404601F072FFF0B33A21F8F731F950
:10899000D0B3471C03E00420BDE8F88F7F1C387873
:1089A0002028FBD00928F9D00A2269463846F8F772
:1089B000AFF8009CBC4234D000E0641C2078202832
:1089C000FBD00928F9D02C28F7D00A226946204686
:1089D000F8F79EF80098A04223D000E0401C0178F0
:1089E0002029FBD00929F9D02C29F7D0C9B2222996
:1089F0000ED02C210746F8F7FCF8010011D00446F0
:108A00004B463246384600E00BE001F09DFD0BE09E
:108A1000401C22210746F8F7ECF8010001D04C1C5D
:108A2000EEE70620B8E7641C20782028FBD0092850
:108A3000F9D02C28F7D04046F8F726F900EB0801CA
:108A400053462A46204601F07FFD0020A4E700207F
:108A5000AFF3008010B594B004461FA001F0B6FD3E
:108A60006846FFF75DF908B123A01FE09DF80000FC
:108A700030B19DF8010018B19DF80E00012805D015
:108A800025A001F0A3FD052014B010BD2CB1207865
:108A900018B1204602E027A008E02C4800F0A8FC0E
:108AA0000028F8D100F0C0FB20B129A001F08EFD14
:108AB0000120E9E76846FFF733F910B12BA001F078
:108AC00085FD334901200870204901F0DDFD31A00A
:108AD00001F07CFD0020D7E70D0A5B4D5154545D39
:108AE0002050726570617265206E6574776F726B6D
:108AF0002E2E2E0D0A0000005B4D5154545D204C6B
:108B000036313020696E666F206765742066616952
:108B10006C65640D0A0000005B4D5154545D204E9D
:108B20006574776F726B206E6F7420726561647903
:108B30000D0A00005B4D5154545D20536574204173
:108B4000504E206661696C65640D0A001472002441
:108B50005B4D5154545D20526571756573742049A5
:108B600050206661696C65640D0A00005B4D5154CC
:108B7000545D20496E666F2063616368652072658D
:108B80006672657368206661696C65640D0A000031
:108B9000440000245B4D5154545D204E6574776F42
:108BA000726B2072656164790D0A00002DE9F0474F
:108BB0000600ADF59C6D1AD04FF400740246BB4818
:108BC000214602F03FFEBA483246214602F03AFE04
:108BD0003078002876D0B7A13046F8F714F8B84CB2
:108BE00068B1B4A0314601F0E5FB28B100E10420F2
:108BF0000DF59C6DBDE8F08704202070F8E0B1A170
:108C00003046F8F700F8DFF8C8924FF0010558B188
:108C1000ACA0314601F0CEFB0028E7D10620207041
:108C200002204946A57220E0AAA13046F7F7EBFFE3
:108C3000DFF89CA20AF1C00AD0B1A6A0314601F02B
:108C4000B9FB0028D2D107202070607C217C08432A
:108C500005D12574FCF7F4FA00F2DC5060630120C2
:108C6000E073A57304205146A57201F00DFDBFE02D
:108C70009BA13046F7F7C7FF58B199A0314601F0E4
:108C800099FB18B399A001F0CDFF012001F05CFE23
:108C9000AEE09DA13046F7F7B6FF40B1257001F078
:108CA0003FFC02F01DFD8A4962390320DDE799A1EE
:108CB0003046F8F781F930B197A13046F7F7A3FFB6
:108CC00058B905E080E0607A00287DD00020DDE71B
:108CD00093A13046F7F797FF40B1607A30B193A087
:108CE00001F0A0FF012001F02FFE2BE0304601F043
:108CF000BDFD0028E9D000208DF85C034FF4C07161
:108D00008DF804008022304601AB0091D7A9FFF70F
:108D100023FEC8B18DA0314601F06AFC4FF4807289
:108D20003046F7A901F0B8FDA8B1F7A98FA001F06E
:108D30005FFCF7A800F09AFB00283FF459AF93A01E
:108D400001F044FC012053E73A213046F7F751FF88
:108D500008B1471C02E006204AE77F1C387820282B
:108D6000FBD00928F9D00A2238460DF2DC41F7F78A
:108D7000CFFEDDF8DC548046BD4203D14FF0000841
:108D800000E06D1C28782028FBD00928F9D02C2879
:108D9000F7D00A2228460DF2DC41F7F7B9FE01466A
:108DA000DDF8DC04A84200D10021404601AB00966A
:108DB000D7AA02F0BBFDD7A85146F8F7FDF8B8B91D
:108DC000FCF73EFA963000E06EE001A9E06276A082
:108DD00001F00EFC61A901A802F08AF83C4E4FF4A4
:108DE000EC7A823E30B104283AD076A001F0EEFB56
:108DF0000020FDE661A97AA001F0FAFB9DF8A4022B
:108E00000DF5297870B17B4F002500BF05EB4500BB
:108E1000414607EB0010F8F7CFF850B16D1CEDB2EA
:108E2000102DF3D361A801F037FC0028E0D057A043
:108E3000DCE771A0414601F0DBFB764861A95246B0
:108E4000F8F713F896F8C80330B12078062803D352
:108E500071A274A161A824E06E4801F04BFBC7E742
:108E600072A001F0B3FB9DF8D40228B1B5A8494621
:108E7000F8F7A2F80028BBD196F8C8030028B7D0AD
:108E8000FFF794FC0028B3D0624861A95246F7F777
:108E9000ECFF9DF8840108B161A800E06DA06FA20D
:108EA00072A100F0E7F8D7E70320A1E614570024E9
:108EB000147000242B4D5154544F50454E3A00002D
:108EC000440000242B4D515454434F4E4E3A000061
:108ED000967200242B4D5154545355423A000000D1
:108EE0002B4D5154545055423A0000005B4D5154A3
:108EF000545D205075626C69736820726573756C7F
:108F000074206572726F72002B4D515454434C4F54
:108F100053453A004F4B00004552524F520000005B
:108F20002B434D45204552524F5200005B4D51544A
:108F3000545D205075626C69736820636F6D6D615C
:108F40006E64206572726F72000000005B4D5154B8
:108F5000545D20496E636F6D696E67207061727336
:108F600065206661696C65643A2000005B4D515470
:108F7000545D2050617273656420434D44206661E6
:108F80006C6C6261636B3A20000000005B4D5154D1
:108F9000545D20517565756520434D4420666169B7
:108FA0006C65640D0A0000005B4D5154545D205205
:108FB000617720434D44207061796C6F61643A2081
:108FC000000000005B4D5154545D20506172736588
:108FD0006420434D4420656D7074790D0A000000D3
:108FE0005B4D5154545D2050617273656420434D54
:108FF000443A2000F89400245B4D5154545D2044C1
:1090000075706C6963617465206D73675F69643A3C
:10901000200000002C4700244455504C4943415443
:109020004500000073756363657373005B4D5154B5
:10903000545D20434D442072656A65637465643AEB
:1090400020696E76616C696420706172616D0D0AD1
:1090500000000000494E56414C494400494E5641DB
:109060004C49445F504152414D0000006572726F9F
:1090700072000000F0B5ADF2FC5D16460F4658B127
:1090800057B12F4991F800210AB101F5807091F88C
:1090900020212AB12B4D04E004200DF2FC5DF0BD2F
:1090A00029A591F8501111B1264C303400E0274C1D
:1090B0004FF4C0720DF21C4101F099FB402238467A
:1090C0000DF29C5101F093FB0EB1304600E01EA062
:1090D0004FF4806707A93A4601F089FB20210DF281
:1090E000DC5001F08BFC002003F04EFE012825D05F
:1090F0000026012003F048FE012800D0002004963D
:1091000007AA0DF2DC510DF29C53CDE902320DF2AB
:109110001C4C0F4ACDE905010E482B46CDE9004C09
:109120003946F7F7DBF9094800230A49823890F8F5
:10913000C62300F2422000F00FF8AEE70126D8E780
:109140002C4700244C4800240000000096720024A4
:10915000DC300108145B002410B558B151B104781B
:1091600044B1074C2478062C06D206A001F02EFA52
:10917000052010BD042010BDBDE8104002F09CB9D0
:10918000440000245B4D5154545D205075626C695D
:1091900073682064656E6965643A206E6F7420633D
:1091A0006F6E6E65637465640D0A000010B58AB059
:1091B0000446202102A801F021FC02A90CB10120E3
:1091C00000E000200A4BCDE90001164809A24FF447
:1091D0008061F7F783F9064801231249823890F835
:1091E000C62300F24230FFF7B7FF0AB010BD0000FF
:1091F000967200247B226465766963655F696422E8
:109200003A222573222C226F6E6C696E65223A25F4
:10921000752C2274696D657374616D70223A222514
:1092200073227D00145B00242DE9F0472EA001F08D
:10923000CDF901F07BF8A0B1FEF7EEFC304D040053
:109240004FF480660FD02FA1F7F7DDFC58B130A1A5
:109250002046F7F7D8FC30B102F0F2F9022807D027
:1092600001E02DA037E0DFF8CC900024B04628E0E4
:1092700031A001F0D7FCF6E71CB3E0B1364B414614
:1092800055F82420A3F59850F7F728F9334801F052
:1092900043FD324800F07CFC31A0494602F076FCE8
:1092A000060017D0022E1AD030A001F08FF936A098
:1092B00001F0B8FC3878641C022CDDD33046BDE8E0
:1092C000F087264846462A68414602F0BBFA224FFC
:1092D000B046DBE732A001F079F90020EFE737A0D4
:1092E00001F074F93CA0E3E75B4D5154545D20520A
:1092F0006571756573742049502E2E2E0D0A00007D
:10930000800000242B4D495043414C4C3A20310001
:10931000302E302E302E30005B4D5154545D20499C
:109320005020616C72656164792072656164790DA9
:109330000A000000F04902005B4D5154545D204D7D
:10934000495043414C4C2072657365742074696DBB
:10935000656F75740000000014720024145F00240F
:109360002B4D495043414C4C3A0000005B4D515449
:10937000545D204950207265717565737420666173
:10938000696C65640D0A00005B4D5154545D204DBD
:10939000495043414C4C206661696C656400000093
:1093A0005B4D5154545D2049502072657175657351
:1093B0007420737563636573730D0A005B4D5154BC
:1093C000545D20495020726571756573742074690D
:1093D0006D656F75740D0A005B4D5154545D204DE1
:1093E000495043414C4C2074696D656F75740000A1
:1093F00000B595B0E8B10178D9B1202102460E48F8
:1094000002F020FA0C4B50210CA26846F7F766F8E0
:10941000094911A001F0ECF8684601F07DFC40F22A
:10942000DC51684600F0A6FB002800D0012015B0F2
:1094300000BD0420FBE700001472002441542B43BC
:109440004744434F4E543D312C224950222C222573
:1094500073220D0A000000005B4D5154545D2053EF
:1094600065742041504E3A200000000008B101F020
:109470004FB904207047000030B5B3B00C4698B126
:1094800094B1024619484021054602F0DBF917481D
:10949000402122464030044602F0D4F91348C23835
:1094A00090F8C21019B105E0042033B030BD90F837
:1094B0000201A8B1C8212B460DA2009401A8F7F71C
:1094C0000DF812A001F082F801A801F025FC01A816
:1094D00040F2DC5100F04EFB0028E6D00120E4E72A
:1094E00011A001F073F80020DFE70000D67200241D
:1094F00041542B4D515454555345523D312C222546
:1095000073222C222573220D0A0000005B4D51545A
:10951000545D20536574204D515454207573657209
:109520002E2E2E0D0A0000005B4D5154545D204D2F
:10953000515454207573657220736B697070656443
:109540002028616E6F6E796D6F7573206D6F646525
:10955000290D0A00F8B504000AD0207840B1194E50
:109560003078062806D218A001F030F80520F8BDA2
:109570000420F8BD25481FA2234600914FF48061C6
:10958000F6F7ACFF22A0214601F032F81F4801F0A7
:10959000C3FB1E4800F0FCFA24A04EF6602102F046
:1095A000F5FA050004D024A001F03CFB2846F8BDE4
:1095B000072021463070042001F066F824A001F055
:1095C00005F8F3E7440000245B4D5154545D2053EB
:1095D00075627363726962652064656E6965643A79
:1095E000206E6F7420636F6E6E65637465640D0A20
:1095F0000000000041542B4D5154545355423D310D
:109600002C222573222C25750D0A0000145F0024DE
:109610005B4D5154545D205375627363726962658A
:1096200020746F7069633A20000000002B4D515484
:10963000545355423A0000005B4D5154545D205341
:109640007562736372696265206661696C65640046
:109650005B4D5154545D205375627363726962654A
:1096600020737563636573730D0A0000034890F8F7
:10967000C61300F5A170FFF76DBF0000147200243F
:10968000064870B5064C022590F8C50310B1054890
:1096900000F09CFF0020257070BD000014720024B3
:1096A00044000024303001080A4810B590F8C50382
:1096B00000280DD008A000F089FF0DA001F02CFBC0
:1096C0000FA040F2DC5100F055FA002800D0012034
:1096D00010BD0000147200245B4D5154545D2053A2
:1096E000657420544C53312E322E2E2E0D0A00005C
:1096F00041542B475453534C5645523D34000000BF
:1097000041542B475453534C5645523D340D0A0097
:10971000F8B52B4C00252B4E1FE000BFFBF790FD4A
:109720006062A08AB0F5FF7F07D8411C9DF8002039
:1097300089B23254A182755409E001F04DFEA08A2D
:109740009DF80010421C315490B2A08235549DF80F
:1097500000000A2801D101F03FFE1B48022301222C
:109760006946FDF7D7FF0028D8D0A08A60B1606AAB
:1097700070B1FBF765FD616A401AB0F5487F01D30F
:1097800001F02AFEA08A18B9607808B101F056FEEF
:1097900001F0B6FF2078062801D3012000E0002068
:1097A000A17B4042084204D0E07BFFF7FFFC00B9F8
:1097B000A57302F00FF801F035F902F057F8F8BD83
:1097C000440000241459002474010024402102465E
:1097D0000148FBF72ABD0000001C0258054810B5DF
:1097E00081880548FEF7DCF9BDE810400348FEF724
:1097F000C7B9000024000024BC040024889D000890
:1098000010B5B8B0D0B10DF1100C827B417B00F1E6
:109810002F0400F10F038CE81E00047BD0E9012324
:1098200041788DE81E000378C021054A08A8F6F7A4
:1098300055FE08A8FEF7A4F938B010BD01A0F9E75D
:10984000482E01084C36313020696E666F206973EE
:10985000204E554C4C0D0A002DE9F35F0746FBF7EF
:10986000EFFC002605460446FEF76EF9DFF87C8023
:1098700041F6FF7ADFF87890B3460DE01B493223BA
:109880001C480122FDF746FF90B12EB1FBF7D8FC32
:10989000011B0198814205D2FBF7D2FC401BB84264
:1098A000ECD3C6B1124814A1F7F7ADF9E0B915E051
:1098B0000126FBF7C5FC0446B8F804005045EBD27E
:1098C000421C98F800C092B209F800C0A8F8042021
:1098D00009F802B0E0E70220BDE8FC9F044808A1B7
:1098E000F7F791F90028F7D00120F5E724000024CC
:1098F000BC040024740100244552524F5200000061
:109900002B434D45204552524F5200002DE9F04166
:109910000646FBF795FC0546FEF716F9184C27E0BE
:109920001749322317480122FDF7F4FE00BBA18836
:1099300041F6FF70814207D213484A1C237892B245
:1099400000274354A28087540F4810A1F7F75BF912
:1099500060B90D480FA1F7F72FFB38B10A480FA1E6
:10996000F7F751F920B10120BDE8F0810020FBE7B5
:10997000FBF766FC401BB042D2D30220F4E70000A4
:109980002400002474010024BC0400240D0A4F4B61
:109990000D0A00004F4B0D0A000000004552524FC7
:1099A0005200000010B5002494B034A0FEF7E8F88F
:1099B00000F044F988B139A0FEF7E2F801246846C6
:1099C000FEF7AEF968B13AA0FEF7DAF801243EA03E
:1099D000FEF7D6F814B0204610BD43A0FEF7D0F82D
:1099E000EDE746A0FEF7CCF86846FFF709FFFEF763
:1099F00099F820B947A0FEF7C3F8FFF7EFFE01A8DA
:109A000002A9FEF70DF920B945A0FEF7B9F8FFF756
:109A1000E5FE03A8FEF750F820B944A0FEF7B0F821
:109A2000FFF7DCFE0DF10D00FEF710F820B942A0A3
:109A3000FEF7A6F8FFF7D2FE0DF10E00FDF7D4FFFA
:109A400020B941A0FEF79CF8FFF7C8FE20210DF1D8
:109A50000F00FEF7BFF920B93FA0FEF791F8FFF71E
:109A6000BDFE20210DF12F00FEF720F90028AED118
:109A70003CA0FEF785F8FFF7B1FEA8E70D0A3D3DD3
:109A80003D3D3D204C3631302053454C4620544519
:109A90005354203D3D3D3D3D0D0A00004563686F38
:109AA000206F6666206661696C65640D0A000000BF
:109AB0004C36313020696E666F20676574206661B0
:109AC000696C65640D0A00003D3D3D3D3D205345F8
:109AD0004C46205445535420454E44203D3D3D3D89
:109AE0003D0D0A0D0A0000004563686F206F666631
:109AF00020737563636573730D0A00004C36313053
:109B000020696E666F206765742073756363657383
:109B1000730D0A0053494D207261773A0D0A000017
:109B2000435351207261773A0D0A00004352454772
:109B3000207261773A0D0A0043475245472072610F
:109B4000773A0D0A000000004347415454207261E7
:109B5000773A0D0A00000000434F5053207261779E
:109B60003A0D0A0043475041444452207261773A0B
:109B70000D0A000070B50D460446FEF731F8204688
:109B800000F006F82846BDE87040FFF7BFBE0000B1
:109B900010B504000AD0F7F777F82146BDE8104069
:109BA00082B203484FF47A73FDF78ABE10BD0000FD
:109BB0007401002470B505001FD0F7F765F80404A0
:109BC000240C1AD04FF47A760C48334622462946A4
:109BD000FDF776FE022C08D3281910F8021C0D2977
:109BE00003D110F8010C0A2807D033460348BDE81A
:109BF0007040022202A1FDF763BE70BD7401002413
:109C00000D0A000070B515460E460446FDF7E8FF44
:109C10002046FFF7CFFF29463046BDE87040FFF7EA
:109C20001BBE70B50D460446FDF7DAFF2046FFF770
:109C3000C1FF2846BDE87040FFF768BE0DA010B513
:109C4000FDF79EFFFDF7CCFF0EA0FFF7A1FF40F24E
:109C5000DC50FFF75BFE04460CA0FDF791FF0D48BA
:109C600081880D48FDF79CFF07A0FDF789FF20467E
:109C700010BD000053656E643A20415445300D0A12
:109C800000000000415445300D0A00005265637623
:109C90003A0D0A0024000024BC0400242DE9F04100
:109CA0000025064640F2DC5429A02146FFF7B9FF03
:109CB00000282DD0C820FBF787F96D1CEDB2032DCD
:109CC000F2D324A0FDF75CFF0020FFF77FFD4FF4E7
:109CD0009660FBF779F90120FFF778FD41F28830B3
:109CE000FBF772F922A0FDF74BFF00254FF49678A1
:109CF000214617A0FFF795FF070009D04046FBF764
:109D000063F96D1CEDB2052DF2D33846BDE8F08144
:109D100066B1002521461DA0FFF783FF30B1642006
:109D2000FBF752F96D1CEDB2022DF3D30025264648
:109D300018A03146FFF775FF040006D06420FBF73A
:109D400043F96D1CEDB2022DF2D32046DEE7000090
:109D5000415400005B4C3631305D205057524B452A
:109D6000592070756C73652073746172740D0A00EC
:109D70005B4C3631305D205057524B455920707541
:109D80006C736520646F6E650D0A000041544530A8
:109D90000000000041542B434D45453D320000007A
:109DA0000DA010B5FDF7ECFEFDF71AFF0DA0FFF7B3
:109DB000EFFE40F2DC50FFF7A9FD04460BA0FDF7D3
:109DC000DFFE0C4881880C48FDF7EAFE04A0FDF791
:109DD000D7FE204610BD000053656E643A20415402
:109DE0000D0A000041540D0A000000005265637620
:109DF0003A0D0A0024000024BC0400240148006934
:109E000070470000FC0000240148C0687047000053
:109E1000FC00002410B500F0F7F800F051F96420C0
:109E200000F038F904480021012201708160C1600E
:109E300001614270817010BDFC00002470B5FDF717
:109E40009DFD044604F02EFD14B1012004F086FBB4
:109E50001E48F8F7D1FE1E4C1C4DE068C5F8B40250
:109E60002069C5F8B802607888B9A07840B105F2D9
:109E70002C51284604F03EFF002825D0607830B9E8
:109E8000FBF7DEF9A168401AB0F5487F1CD3FBF759
:109E9000D7F9A060E0602169491C2161C5E9AD01E5
:109EA0000A49A1F22C5000F09FF90A49207800F0ED
:109EB000A5F9064940F22C5201F22C50F6F7D5FFD5
:109EC0000121A1700020607070BD000004A2002478
:109ED000FC000024D89C002470470000084908B505
:109EE0000A78002A0AD0009088884988401E491EB6
:109EF0008AB283B20021084604F0B6FB08BD000018
:109F0000809C00242DE9F843002A88460746089ED5
:109F100032D0002B30D01948017800292CD0BC1841
:109F2000418808EB0302641E521EA4B295B2A142FE
:109F300001D8491E8CB28088A84201D8401E85B243
:109F40004346224619463846009604F031FB2B461C
:109F5000224619463846009604F02AFB3A462B461C
:109F600041461046009604F023FB22462B4641460C
:109F70001046009604F01CFBBDE8F883809C00248A
:109F8000FEB51446089E0EB1022500E001250B4ADD
:109F90005288824202D9121A92B200E000220EB117
:109FA000242600E01426002C07D0002A05D00094B7
:109FB000CDE90153334604F03FFEFEBD809C0024F2
:109FC000704738B5002A049C0AD0002B08D00B44F7
:109FD000009402445B1E521E9BB292B204F044FBFA
:109FE00038BD00000148807970470000809C002443
:109FF0000148808870470000809C00240148408808
:10A0000070470000809C002438B504F0B7FA04F0D3
:10A01000A5FB1B49A120088000BF00BF1848801C79
:10A02000018800BF00BF018800BF00BF0088154C39
:10A03000C0B2612802D00020207038BD607004F0EA
:10A0400085FC4FF44872628003204FF4F071A180C8
:10A05000A071002004F03AFD642000F01BF80120FC
:10A0600020704FF6FF7100916188A088491E8AB266
:10A07000401E83B20021084604F0F6FA38BD000005
:10A08000FEFF0760809C00240148007870470000B4
:10A09000809C00246421094AC0EB0020B0FBF1F150
:10A0A000BE201080901C05220280018001210180C9
:10A0B000FF2101800021018001807047FEFF0760C1
:10A0C00070B504F085FF144D4FF4807400222146D2
:10A0D0002846FBF7AAF81420FAF776FF012221465A
:10A0E0002846FBF7A2F83220FAF76EFF04F0AAFF29
:10A0F0000021084605F0D2F80021A42005F0CEF892
:10A100001621802005F0CAF80C21882005F0C6F839
:10A1100002490120087070BD00200258E5000024AB
:10A120002DE9FC4104004FF000008DF8040014D02C
:10A130002080608020712B48007870B1FFF7A4FF69
:10A1400058B10122022001A905F055F89DF804003C
:10A1500010F00F0001D0052802D90020BDE8FC81D5
:10A1600004226946032005F046F89DF800309DF86A
:10A1700002109DF8012003F00F039DF8030001F089
:10A180000F0142EA032740EA0126FFF737FF0546A1
:10A19000FFF72EFF8046FFF725FFB0B1012818D04A
:10A1A000022819D0A81B2080A8EB07016180208815
:10A1B000A84201D36D1E25806188414502D3A8F1D4
:10A1C0000100608001202071C8E76680E81B2080C4
:10A1D000EDE726806780EAE72780A8EB060060802D
:10A1E000E5E70000E5000024002805D0002903D0A1
:10A1F00040F22C52F6F739BE7047000070B50D00E2
:10A20000044621D0FFF768FE104E3078844204D017
:10A2100041F63430FFF762FE347054B1012C0CD09B
:10A22000022C28460DD005F091F8BDE87040FFF7EC
:10A23000C7BE284605F0B6F9F7E7284605F0F0FA5C
:10A24000F3E705F0B1FBF0E770BD0000E800002483
:10A250008068C0F3C00070478068C0F3800070471A
:10A260008068C0F380007047C06810F4406F01D070
:10A27000002070470120704770B5154C20780328E6
:10A2800010D314A000F048FD16A0FFF781FC1AA01F
:10A2900040F6B83101F0D2FC20B11AA000F096F9D6
:10A2A000FDF79EFC2078062801D3012500E000255B
:10A2B00000F036F901F014FA01202070002D05D0CD
:10A2C000BDE870401849032000F0DEB970BD000001
:10A2D0004400002441542B4D515454434C4F53459A
:10A2E0003D31000041542B4D515454434C4F534584
:10A2F0003D310D0A000000002B4D515454434C4F8A
:10A3000053453A005B4D5154545D20536573736956
:10A310006F6E20636C65616E757020696E636F6D22
:10A32000706C6574650D0A003472002415A040F24B
:10A33000DC5110B5FFF71EFC08B1012010BDFDF780
:10A340006BFC044613A000F041F9204600F03EF9F2
:10A35000164800F03BF916492046F6F754FC18B1B0
:10A36000204600F0B1FB40B922212046F6F741FC1F
:10A3700028B1204600F0A8FB08B1002010BD032042
:10A3800010BD000041542B4D495043414C4C3F0DF2
:10A390000A0000005B4D5154545D204D495043412B
:10A3A0004C4C3F207261773A0D0A000014A6000859
:10A3B00004930008F8B506000D4664D0002D62D065
:10A3C00001462846F6F71FFC00285CD02FA1304636
:10A3D000F6F7F2FD304C4FF0000700B3694628460F
:10A3E00000F0DCFF002839D000982CA12062304614
:10A3F000F6F7E2FD60B32CA13046F6F7DDFD38B389
:10A400002CA13046F6F7D8FD10B32DA13046F6F753
:10A41000D3FDE8B10098002800D00120F8BD2846FF
:10A4200000F0A0FC08B1276216E028A12846F6F744
:10A43000EAFB4FF0FF3608B1266224E06946284661
:10A4400000F0ACFF10B100982062E4E72662E4E778
:10A45000009808B10128E0D10020F8BD0FA13046D6
:10A46000F6F7AAFD78B110A13046F6F7A5FD50B178
:10A4700010A13046F6F7A0FD28B111A13046F6F73D
:10A480009BFD0028CFD10320F8BD00002B4D495083
:10A4900043414C4C3A000000440000242B4D5154E1
:10A4A000544F50454E3A00002B4D51545453554291
:10A4B0003A0000002B4D5154545055423A000000D0
:10A4C0002B4D515454434F4E4E3A0000302E302EF7
:10A4D000302E300005484FF4007110B5F6F719FD25
:10A4E000034800218182416210BD000014590024FC
:10A4F00044000024002803D04FF4EC71F6F709BDA6
:10A5000070470000044840F20C4110B5F6F701FD19
:10A5100002490020487110BDE07500244400002469
:10A52000074841F60C3110B5F6F7F3FC0548002159
:10A530008171C171017241728162C16210BD0000FE
:10A54000EC7900244400002470B514003DD0002BA9
:10A550003BD000252570002837D0002935D0814216
:10A5600033D300E0401C884208D20278202AF9D078
:10A57000092AF7D02C2AF5D000E0491E814209D9DA
:10A5800011F8012C202AF8D0092AF6D00D2AF4D08F
:10A590000A2AF2D088420BD20278222A08D1421C21
:10A5A000914205D911F8012C222A01D1401C491EE3
:10A5B000091A8EB29E4201D35B1E9EB226B132466C
:10A5C00001462046F6F7CAFBA55570BD10B504003C
:10A5D0000AD0F6F759FB2146BDE8104082B2034885
:10A5E0004FF47A73FDF76CB910BD000030030024FE
:10A5F00010B50C4600B906A0FFF7E8FF04B904A4A3
:10A600002046FFF7E3FFBDE8104002A0FFF7DEBFE2
:10A61000000000000D0A000070B548B3184C00257A
:10A62000217939B3A178174E01EB8102C2EB811178
:10A630004FF4EC7206EBC101F6F717FCA07800EBC3
:10A640008001C1EB801006EBC000FFF753FFA0783C
:10A65000401CC0B2A070062800D3A5702079401E0F
:10A6600010F0FF00207100D001206070002070BD4C
:10A67000042070BDFFF73EFF0320657070BD000031
:10A680004400002404490024024AD269002A00D070
:10A69000104770474400002410B550B1017841B113
:10A6A000134C2179062906D312A0FFF78FFF012052
:10A6B00010BD042010BDE17801EB8102C2EB8111D5
:10A6C000124A02EBC10301464FF4EC721846F6F74A
:10A6D000CCFBE078401CC0B2E070062801D300201B
:10A6E000E07020790121401C20710020617010BDB4
:10A6F000440000245B4D5154545D20434D4420716F
:10A70000756575652066756C6C0D0A00044900243A
:10A7100010B50400F6B026D0207820B36846FFF7C5
:10A72000E9FE4FF480712246684601F08BF8202143
:10A73000224640A801F086F80C4A402154A801F0B6
:10A7400081F8FAF77DFD3021034609A248A8F5F704
:10A75000C5FE402109A264A801F074F86846FFF71D
:10A760009BFF76B010BD0420FBE70000967200242A
:10A770006C65676163792D256C7500006C65676198
:10A7800063790000F0B5002930D0002A2ED00025D2
:10A790000D7000282AD000235C2621E0401C5C2C90
:10A7A00001D0222C05D19F1C974202D25F1CCE54AF
:10A7B0000AE00D2C02D00A2C08D00EE09F1C974214
:10A7C0000BD25F1C7224CE54BBB206E09F1C974292
:10A7D00003D25F1C6E24CE54F6E75F1CCC54BBB290
:10A7E000047814B1571EBB42D8DBCD54F0BDF0B590
:10A7F000002939D0002A37D000250D70002833D029
:10A8000000235C262AE0401C5C2C01D0222C05D1C0
:10A810009F1C974202D25F1CCE540CE00D2C04D03A
:10A820000A2C0AD0092C0FD015E09F1C974212D297
:10A830005F1C7224CE54BBB20DE09F1C97420AD21B
:10A840005F1C6E24CE54F6E79F1C974203D25F1C18
:10A850007424CE54EFE75F1CCC54BBB2047814B11F
:10A86000571EBB42CFDBCD54F0BD000010B5040035
:10A870000AD006A1F6F7C7F9002806D12046BDE8A0
:10A88000104003A1F6F7BFB9002010BD2B4D515465
:10A89000544D53473A0000002DE9F0415FEA0008AB
:10A8A00016460D4618D0BDB1B6B10C4F0020044677
:10A8B000287000BF57F824104046F6F7A4F940B1BD
:10A8C00057F824203146284600F0BCFF0120BDE89F
:10A8D000F081641C072CEDD30020F8E790000024E1
:10A8E0002DE9F0475FEA000A4FF0FF3822D0144EFE
:10A8F000307AF8B1707AB47908B1012700E0002706
:10A90000DFF84090002512E0BD4209D304EB84102B
:10A9100000EB442109EB41005146F6F74DFB60B1D5
:10A92000641CE4B2062C00D300246D1CEDB2307A16
:10A930008542E9D34046BDE8F0872046FBE70000AA
:10A9400044000024EC79002470B51F4C0025217AC6
:10A9500031B30028A07900EB801101EB40201B49A6
:10A9600001EB40061FD01AA03146FFF741FE072039
:10A970003146FFF789FE304600F0CAF808B10120E1
:10A98000A07240F282413046F6F7A1FAA079401C4D
:10A99000C0B2A071062800D3A571207A401E207293
:10A9A0006572A56270BD304600F0B2F810B1FAF7DA
:10A9B00047FC20630CA03146FFF71AFE0620314603
:10A9C000FFF762FEDDE7000044000024EC7900247C
:10A9D0005B4D5154545D205075626C6973682066FC
:10A9E00061696C65643A20005B4D5154545D2050A0
:10A9F00075626C697368204F4B3A200070B5050092
:10AA00000C460BD0002C09D0FAF71AFC034621465D
:10AA10002846BDE8704002A2F5F760BD70BD000099
:10AA2000256C750070B5174C607A002828D0A07985
:10AA300000EB801101EB4020134901EB4005FAF7D0
:10AA4000FFFBA26A95F88014801A69B142F2107176
:10AA5000884215D30DA000F0E5F80220FFF774FF3F
:10AA6000BDE87040FFF708BCB0F5967F08D30EA094
:10AA70002946FFF7BDFDBDE870400020FFF764BF29
:10AA800070BD000044000024EC7900245B4D51545B
:10AA9000545D205075626C69736820776169742019
:10AAA00074696D656F7574005B4D5154545D205031
:10AAB00075626C69736820696D706C696369742074
:10AAC0004F4B3A200000000010B5040003D007A14E
:10AAD000F6F799F808B1002010BD2E212046F6F7B0
:10AAE00088F80028F8D0012010BD0000302E302E4C
:10AAF000302E3000002810B504D00449F6F75CFA77
:10AB000008B1002010BD012010BD000056750024C2
:10AB1000002810B504D00449F6F74EFA08B1002019
:10AB200010BD012010BD0000D673002410B5040034
:10AB30003DD0207800283AD01FA12046F6F763F8D0
:10AB4000002836D11DA12046F6F75DF8002830D147
:10AB50001CA12046F6F757F800282AD11CA1204650
:10AB6000F6F751F8002824D11CA12046F6F74BF83F
:10AB7000F8B91DA12046F6F746F8D0B91DA1204628
:10AB8000F6F741F8A8B91EA12046F6F73CF880B9BF
:10AB90001EA12046F6F737F858B91FA12046F6F750
:10ABA00032F830B91EA12046F6F706FA08B10020A7
:10ABB00010BD012010BD00002B4D5154544D534782
:10ABC0003A0000002B4D5154544F50454E3A00006E
:10ABD0002B4D515454434F4E4E3A00002B4D51547F
:10ABE000545355423A0000002B4D51545450554295
:10ABF0003A0000002B4D515454434C4F53453A00FA
:10AC00002B4D495043414C4C3A0000002B434D45DD
:10AC1000204552524F5200004552524F5200000000
:10AC20004F4B000000B589B000B90DA0FFF7CEFC76
:10AC300011A0FFF7CBFC114911A0FFF7D9FC154972
:10AC400015A0FFF7D5FC1948202119A2036A684610
:10AC5000F5F744FC17A06946FFF7CAFC09B000BD30
:10AC60005B4D5154545D204661696C75726520637B
:10AC70006F6E7465787400000D0A0000146C002477
:10AC80005B4D5154545D204C6173742054583A20EC
:10AC900000000000147000245B4D5154545D204CA2
:10ACA0006173742052583A200000000044000024D0
:10ACB000256400005B4D5154545D20526573756CE2
:10ACC000743A200030B58DB00546012002F05CF8E2
:10ACD000012812D00BA4002002F056F801280ED053
:10ACE00008A30094302108A201A8F5F7F7FB01A9F9
:10ACF0002846FFF77DFC0DB030BD06A4EBE705A3A9
:10AD0000EFE700004F46460052313D25732C52328A
:10AD10003D2573004F4E00004FF4806102460A4803
:10AD200010B500F08FFD084800F085FE064807A129
:10AD3000F5F769FF002805D1BDE81040024906A0DB
:10AD4000FFF756BC10BD0000146C002441542B4D7D
:10AD50005154545055423D005B4D5154545D5B5429
:10AD6000585D200010B5002888B03ED03A21F5F794
:10AD700040FF002839D000BF10F8011F2029FBD068
:10AD80000929F9D000E0401C017830390929FAD9A5
:10AD900001782C2900D1401C01782029FBD00929F9
:10ADA000F9D02229F7D000216B4604E01F291ED2DA
:10ADB0004C1C5A54A1B2425C3AB1222A05D00D2A49
:10ADC00003D00A2A01D02C2AF0D10020585471B1A6
:10ADD00008491846F6F7F0F8002806D02E216846F4
:10ADE000F5F707FF002800D0012008B010BD0020B3
:10ADF000FBE70000109300082DE9F0415FEA00082E
:10AE00000C4630D0002C2ED02021024604F5807054
:10AE100000F018FD28A14046F6F7CEF84FF48077F1
:10AE20004FF0010510B326A14046F6F7C5F84FF0E4
:10AE30000006E8B124A14046F6F7BEF8D0B124A13F
:10AE40004046F6F7B9F8F8B123A14046F6F7B4F852
:10AE500010B323A14046F6F7AFF8F8B122A140465F
:10AE6000F6F7AAF8E0B10020BDE8F08112A202E0F6
:10AE700013A20AE014A23946204600F0E3FC84F84D
:10AE8000D451C4F8D05114E011A23946204600F044
:10AE9000D9FC84F8D4510AE00FA2ECE710A2F4E741
:10AEA00011A23946204600F0CDFC84F8D461C4F8E4
:10AEB000D0610120D8E7000052315F4F4E00000002
:10AEC00052315F4F4646000052325F4F4E00000045
:10AED00052325F4F46460000414C4C5F4F4E0000DF
:10AEE000414C4C5F4F46460053544154555300006B
:10AEF0002DE9F0435FEA00090C46CDB07BD0002C71
:10AF0000FCD00846FFF7F6FA8D4A04F5A8704021F8
:10AF10000746904600F096FC04F5C87040210646AE
:10AF200088A200F08FFC04F5907248463023154645
:10AF300086A100F0D1F938B9FAF782F93021034639
:10AF400084A22846F5F7CAFA40233A4683A1484628
:10AF500000F0C2F94023324683A1484600F0BCF914
:10AF600094F8500120B940214246384600F06AFC6E
:10AF700041463846F6F720F800283CD100254846DF
:10AF800020238DF8005140AA7AA100F0A5F94FF4D2
:10AF9000807738B92023484640AA77A100F09CF971
:10AFA000002879D076A140A8F6F706F801004FF006
:10AFB000010604F580782ED073A140A8F5F7FCFFB8
:10AFC000002846D072A140A8F5F7F6FF002855D01A
:10AFD00071A140A8F5F7F0FF002869D072A140A840
:10AFE000F5F7EAFF00286AD072A140A8F5F7E4FF60
:10AFF000002876D000E04BE071A140A8F5F7DCFF17
:10B00000002875D071A140A8F5F7D6FF002876D0AA
:10B0100040A821468CE04AAA484671A100F020F9D8
:10B02000B0B34A9808B1012832D12021404654A239
:10B0300000F008FC4A9808B16BA200E06CA2394607
:10B04000204600F0FFFB84F8D4614A98C4F8D00190
:10B0500071E04AAA484662A100F002F9C0B14A98DC
:10B0600008B1012814D12021404647A200F0EAFB94
:10B070004A9808B160A2E2E761A2E0E74AAA48461E
:10B0800057A100F0EDF818B14A9830B1012804D06A
:10B0900004204DB0BDE8F08338E0202140463CA2BA
:10B0A00000F0D0FB4A9808B157A2C8E758A2C6E7FB
:10B0B0002021404638A200F0C5FB57A205E0202120
:10B0C000404639A200F0BEFB55A23946204600F0AA
:10B0D000B9FB84F8D451C4F8D0512CE001E007E06A
:10B0E0000DE02021404633A200F0ACFB4FA2ECE77C
:10B0F0002021404632A200F0A5FB4FA2E5E7202127
:10B10000404632A200F09EFB4EA2DEE752A13E4630
:10B110003B466A4648468DF8005000F0DDF828B9F5
:10B12000324669464846FFF7B7FB30B121466846CC
:10B13000FFF762FE08B10020ABE70620A9E7000098
:10B14000967200246D717474000000006D73675F67
:10B1500069640000636D642D256C75006465766913
:10B1600063655F69640000006F70657261746F727F
:10B1700000000000636D6400636F6D6D616E6400BC
:10B180007365745F723100007365745F7232000022
:10B190007365745F616C6C0071756572795F73744F
:10B1A00061747573000000007061645F6F70656E9C
:10B1B000000000007061645F636C6F7365000000E5
:10B1C0007061645F73746F70000000007175657268
:10B1D000795F7061645F737461747573000000005F
:10B1E00076616C756500000052315F4F4E000000C3
:10B1F00052315F4F4646000052325F4F4E00000012
:10B2000052325F4F46460000414C4C5F4F4E0000AB
:10B21000414C4C5F4F464600535441545553000037
:10B220005041445F4F50454E000000005041445F84
:10B23000434C4F53450000005041445F53544F501E
:10B240000000000051554552595F5041445F53542E
:10B2500041545553000000006D65737361676500CC
:10B2600030B50400154687B02CD059B355B318A299
:10B270000B4618216846F5F731F9182822DA694695
:10B280002046F5F7C0FC04001CD06846F5F7FCFC2E
:10B29000044400E0641C20782028FBD00928F9D061
:10B2A000C0B23A280ED100BF14F8010F2028FBD0FD
:10B2B0000928F9D00A22204606A9F5F729FC0699A3
:10B2C000A14202D1002007B030BD28600120FAE77A
:10B2D000222573220000000070B506001D4686B0CE
:10B2E000144628D039B334B32DB32AA20B46182103
:10B2F0006846F5F7F3F818281DDA69463046F5F781
:10B3000082FC060017D06846F5F7BEFC831900E002
:10B310005B1C18782028FBD00928F9D0C0B23A2845
:10B3200009D100BF13F8010F2028FBD00928F9D05C
:10B33000C0B2222802D0002006B070BD00210A460B
:10B3400019E05C2802D022281DD008E013F8010F74
:10B35000B8B16E2807D0722807D0742807D04E1CC9
:10B360006054B1B207E00A2602E00D2600E009268B
:10B37000481C665481B213F8010F10B16E1EB14221
:10B38000DFDB6254D7E72046625400F021FB012046
:10B39000D2E70000222573220000000038B50D46D8
:10B3A000A8B1A5B12C21F5F764FC002810D0441CED
:10B3B00000E0641C20782028FBD00928F9D00A225C
:10B3C00069462046F5F7A4FB0099A14201D100206F
:10B3D00038BD2860012038BD0E4810B500F02BFBA9
:10B3E0000C48007890B10B490BA0FFF701F9094810
:10B3F000FFF79CFB50B10748FFF738FA18B1054931
:10B4000008A0FFF7F5F80348FDF7D0FBBDE81040B2
:10B41000FFF760B8145900245B4D5154545D5B52E2
:10B42000585D20005B4D5154545D205258204D51C1
:10B430005454205552433A200000000070B51A4879
:10B44000FFF7EAF808B1032070BD174A4FF4807681
:10B45000314602F6E84000F0F5F91448FDF752F8DD
:10B46000050017D1104A92F8200102F5907288B1B8
:10B470000F4C1049E07C00EB400001EB0010302144
:10B4800000F0E0F9E07C401CC0B2E074102801D369
:10B490000020E0740448FFF72DF804483146F5F722
:10B4A00038FD284670BD00002C47002414540024A9
:10B4B00044000024F89400242DE9F04706001F46BC
:10B4C000904689460BD0B9F1000F08D0307830B1E2
:10B4D000314C2078062804D20520BDE8F0870420EE
:10B4E000FBE73046FFF714FB2C4D4FF4806A18B988
:10B4F0003046FFF7FFFAA8B13046FFF7F1F9002810
:10B5000010DB00EB80114A4601EB4020514605EB71
:10B51000400404F1800000F095F984F8808484F8F8
:10B52000817437E0207A06280ED33046FFF7F0FA10
:10B5300018B93046FFF7DEFA08B10320CDE718A0AE
:10B54000FFF744F80120C8E7E07900EB801101EB38
:10B55000402040F2824105EB40052846F5F7B7FC54
:10B5600080213246284600F06DF905F180004A46F8
:10B57000514600F067F985F8808485F88174E07998
:10B58000401CC0B2E071062801D30020E071207A8F
:10B59000401C20720020A0E744000024EC79002425
:10B5A0005B4D5154545D205458207175657565206C
:10B5B00066756C6C0D0A00002DE9F8430600904694
:10B5C0000D460ED06DB1F9F73BFE074629463046D1
:10B5D00000F0E0F904004FF000098DF8009003D06E
:10B5E00006E00420BDE8F88329463046F5F76FFCF5
:10B5F000B5F10105F9F724FEC11B414519D20F48E9
:10B60000052301226946FCF785F80028F2D1AC42F7
:10B6100006DA9DF80020601C325584B206F80490CA
:10B620009DF800000A28E5D1304600F004FA002019
:10B63000D8E7304600F0FFF90220D3E77401002478
:10B640000AA010B5FEF7C2FF10A0FFF765FB13A01C
:10B65000FEF79EFA15A043F6982100F0EFFA0400D9
:10B6600002D015A0FEF7B2FF204610BD5B4D51542D
:10B67000545D205265736574207374616C65204D50
:10B68000495043414C4C2E2E2E0D0A0041542B4D57
:10B69000495043414C4C3D300000000041542B4D7B
:10B6A000495043414C4C3D300D0A00002B4D495050
:10B6B00043414C4C3A0000005B4D5154545D2052C4
:10B6C00065736574207374616C65204D4950434106
:10B6D0004C4C20696E636F6D706C6574650D0A006B
:10B6E0000648012200218272C17201734173016315
:10B6F0008273C27301744174416370474400002433
:10B7000070B5194C207806282DD3A08A617A084399
:10B7100029D1207C0125A0B1F9F792FD616B401A77
:10B7200021D40020207411A06574FEF74FFFFDF7AF
:10B730009DFFFCF7A9FEBDE87040014613A0FEF78F
:10B7400057BFA07A00280ED1206B00280BD0F9F744
:10B7500077FD226B44F62061801A884203D314A03F
:10B76000FEF734FFA57270BD440000245B4D5154B8
:10B77000545D2053756273637269626520726566F9
:10B78000726573682E2E2E0D0A0000005B4D515419
:10B79000545D2053756273637269626520726566D9
:10B7A0007265736820726573756C743A20000000CE
:10B7B0005B4D5154545D204B656570616C697665D5
:10B7C0002073746174757320726571756573740D7F
:10B7D0000A00000070B5184C207806282AD30020F3
:10B7E00001F0D2FA0546012001F0CEFAE17A29B142
:10B7F000217B8D4202D1617B884205D025730121D6
:10B800006073E172A17202E0A07A002812D00B48A6
:10B810004FF48061FCF750FB00280BD1084801234E
:10B82000064990F8C62300F5E170FFF745FE0028B1
:10B8300000D1A07270BD000044000024145B0024FD
:10B840001472002470B5050013460C460BD0002C72
:10B8500009D04FF000063BB1621E1946F5F780FB98
:10B86000281900F8016C70BD067070BD3EB5224C01
:10B87000607A00283ED1207A00283BD02078062824
:10B8800038D3A08A002835D1E06A20B1F9F7D8FC76
:10B89000E16A401A2ED4A0794FF4807200EB801137
:10B8A00001EB4020154901EB400015490546FEF724
:10B8B00069FF14494FF4006205F18000FEF762FF52
:10B8C00095F8811495F880040E4A0D4B8DE8070019
:10B8D0000DA24FF48061A3F58060F4F7FFFD1248DC
:10B8E000FFF71AFA1048FEF753F901206072F9F7D2
:10B8F000A7FCA0623EBD000044000024EC790024B7
:10B90000146300241464002441542B4D51545450AA
:10B9100055423D312C222573222C25752C25752C62
:10B92000222573220D0A0000145F00242DE9F04146
:10B93000154C1F461646069DC4E90001F9F780FC28
:10B94000C4F8080404F10800802132460446FFF7D9
:10B9500079FF0D484FF4C0713A468830FFF772FF07
:10B960000A484FF400712A46FFF76CFF084A01208D
:10B970005071916909B1044888472146BDE8F041FA
:10B980000520FEF781BE0000E0750024E877002462
:10B990004400002470B5050013D091B10A48848A90
:10B9A0007CB18C4201D3491E8CB234B10749224686
:10B9B0002846F5F7D3F900202855FEF78BFD2046E1
:10B9C00070BD002070BD0000440000241459002404
:10B9D00070B504002ED0054600E06D1C28782028A4
:10B9E000FBD00928F9D00D28F7D00A28F5D0A542B8
:10B9F00007D02846F5F748F9421C29462046F5F7B6
:10BA0000F2F9204600F017F82046F5F73DF982B22A
:10BA1000022A0FD3207822280CD1A51815F8010C82
:10BA2000222807D1611C2046921EF5F7DCF9002080
:10BA300005F8020C70BD10B5040015D0F5F724F917
:10BA400081B200230EE0601810F8012C0D2A05D0F9
:10BA50000A2A03D0202A01D0092A05D1491E00F85C
:10BA6000013C89B20029EED110BD00002DE9FC5F38
:10BA7000DFF8A48098F8820078B128A0FEF7A6FD30
:10BA8000314F0520002443F6982A07F144054FF46E
:10BA9000806908F1820B387008E00320BDE8FC9F44
:10BAA00024B196F8C40358B101210AE027485B4647
:10BAB0002A684E464946F4F711FDB14646460BE06A
:10BAC0000021B6F8C2035B46CDE9000155F82420F9
:10BAD00049461E48F4F702FD1C48FFF71DF91B48B4
:10BAE000FEF756F81AA0514600F050F840B1641C19
:10BAF000022CD5D3042038701848FEF767FDCCE738
:10BB00000620594638700220FEF7BEFD14A0FEF74D
:10BB10005DFD0020C2E70000147200245B4D51540B
:10BB2000545D20547279206578706C696369742063
:10BB300073657373696F6E20636F6E6E6563742EC9
:10BB40002E2E0D0A0000000044000024145F002483
:10BB50002B4D515454434F4E4E3A0000A42F010830
:10BB60005B4D5154545D204578706C696369742055
:10BB700073657373696F6E20636F6E6E6563742097
:10BB8000737563636573730D0A0000002DE9F0415E
:10BB900006000D4606D0F9F753FB1E4F4FF4007810
:10BBA000044630E00420BDE8F08100BFF9F748FB0F
:10BBB000001B41462A1A1748FFF7FEFC022822D034
:10BBC0000028F0D13878F0B1124913A0FEF710FD2B
:10BBD0001048FCF7EBFF0F4812A1F5F714F820B955
:10BBE0000C4812A1F5F70FF828B113494FF0FF30B8
:10BBF00008620120D7E707493046FEF7DBFB002843
:10BC0000D1D00128CFD0F9F71BFB001BA842CDD320
:10BC10000220C8E7145500245B4D5154545D5B521B
:10BC2000585D20004552524F520000002B434D45B5
:10BC3000204552524F520000440000242DE9F041AB
:10BC40000D460746F9F7FCFA234E04463AE000BFDA
:10BC5000F9F7F6FA001B2A1A20484FF40071FFF793
:10BC6000ABFC02282ED0002817D11C48007848B31E
:10BC70001A491BA0FEF7BCFC1848FCF797FF1748B1
:10BC80001AA1F4F7C0FF20B914481AA1F4F7BBFFBA
:10BC900028B14FF0FF3030620120BDE8F08167B17C
:10BCA0000E483946F4F7AFFF38B10C493846FEF775
:10BCB00081FB0028F1D00128EFD0084810A1F5F74A
:10BCC0007BF930B1F9F7BCFA001BA842C0D30220BF
:10BCD000E3E700203062E0E744000024145500242C
:10BCE0005B4D5154545D5B52585D20004552524F9C
:10BCF000520000002B434D45204552524F52000048
:10BD00004F4B000070B58AB0002468461C21079490
:10BD100008940994F5F7FDF81D4E01211E480425ED
:10BD20001C4B8A04347074700360C0E90124C0E9BC
:10BD30000345047544758161047744628462C4627A
:10BD40000463446380F83840C163F8F7E7FB08B147
:10BD5000F8F744F8104807A90794F8F737F908B13D
:10BD6000F8F73CF80D480621052240F2FF73CDE9B3
:10BD700004548DE80F00084869468DF81940F8F71B
:10BD8000B9F9002801D0F8F729F80AB070BD000011
:10BD90000000002400200240100100240001802146
:10BDA0002DE9F04786B014216846F5F7B2F85848F7
:10BDB000016841F480710160016801F480710591AE
:10BDC000016841F004010160016801F0040105917E
:10BDD000016841F001010160016801F00101059174
:10BDE000016841F010010160016801F01001059146
:10BDF000016841F002010160016801F00201059152
:10BE0000016841F080010160016801F08001059145
:10BE1000016841F008010160016801F00801059125
:10BE2000016841F04001016000684FF48476394FA9
:10BE3000012200F04000314605903846F9F7F5F947
:10BE4000DFF8D480012230214046F9F7EEF9DFF81F
:10BE5000CCA0012240215046F9F7E7F901256946B7
:10BE600000243846CDE90065CDE90254F9F7BEF863
:10BE7000680369468DE831002948F9F7B7F83020A2
:10BE80000090CDE90154694640460394F9F7AEF8B5
:10BE900002264FF6807002AA4FF00C08032769466D
:10BEA000CDE9000682E890011E48F9F79FF840208E
:10BEB0006946CDE90005CDE902545046F9F796F8F8
:10BEC0004FF08009CDF80090CDE901456946504614
:10BED000F9F78CF802AA4EF2B371CDE900161248B8
:10BEE000694682E89001F9F781F808206946CDE9B2
:10BEF00000040E480294F9F779F8CDF800906946ED
:10BF00000B48CDE90145F9F771F806B0BDE8F087B7
:10BF1000E04402580020025800000258001C025859
:10BF20000008025800100258000C0258001802586D
:10BF3000000402581848002110B5164C0C224FF48A
:10BF4000E1330460C0E90131C160C0E904128161DC
:10BF5000C161016241628162FBF7AEFA08B1F7F795
:10BF60003DFF0D480021FBF725F808B1F7F736FF34
:10BF700009480021FAF7F8FF08B1F7F72FFF064844
:10BF8000FAF7D0FF002803D0BDE81040F7F726BF2E
:10BF900010BD000000100140740100241848002169
:10BFA00010B5164C0C224FF496530460C0E90131D1
:10BFB000C160C0E904128161C161016241628162B4
:10BFC000FBF77AFA08B1F7F709FF0D480021FAF7F5
:10BFD000F1FF08B1F7F702FF09480021FAF7C4FFA3
:10BFE00008B1F7F7FBFE0648FAF79CFF002803D0DC
:10BFF000BDE81040F7F7F2BE10BD0000004400405D
:10C00000080200241848002110B5164C0C224FF4E9
:10C0100016530460C0E90131C160C0E904128161B6
:10C02000C161016241628162FBF746FA08B1F7F72C
:10C03000D5FE0D480021FAF7BDFF08B1F7F7CEFE97
:10C0400009480021FAF790FF08B1F7F7C7FE064844
:10C05000FAF768FF002803D0BDE81040F7F7BEBE2E
:10C0600010BD0000004800409C0200241848002138
:10C0700010B5164C0C224FF4E1330460C0E90131D5
:10C08000C160C0E904128161C161016241628162E3
:10C09000FBF712FA08B1F7F7A1FE0D480021FAF7F5
:10C0A00089FF08B1F7F79AFE09480021FAF75CFF0B
:10C0B00008B1F7F793FE0648FAF734FF002803D0DB
:10C0C000BDE81040F7F78ABE10BD00000014014023
:10C0D00030030024FEE770B5150A1E0A049C207088
:10C0E000204661700621A570E2702671637100F030
:10C0F00005F8010AA0710820E17170BD70B5002239
:10C1000005464FF6FF704AF201040CE0AB5C584064
:10C110000023C6074FEA500000D060405B1C082B8C
:10C12000F7DB521C92B28A42F0D370BDF0B50529FC
:10C130000F460446DDE9055613D32078904210D10E
:10C14000607898420DD1A078B0EB450F09D1B81EA8
:10C1500081B22046FFF7D2FFE11931F8021C884274
:10C1600001D00020F0BD002109E000BF04EB410038
:10C170004A1CB0F8030040BA26F8110091B2A94257
:10C18000F4D30120F0BDFEE770470000004870477F
:10C190000C250024004870470C450024F0B507002A
:10C1A0000E469DB018D0002E16D0002000F0ECFDF9
:10C1B000012813D01BA5012000F0E6FD01280FD0B7
:10C1C00018A409A8FBF75CFD60B117A22B46314605
:10C1D00038460094F4F782F91DB0F0BD19A5EAE7DE
:10C1E00018A4EEE79DF832300DF153009DF8312090
:10C1F0000DF13301CDE90710CDE905239DF8252088
:10C200009DF830000A999DF824300094CDE9013260
:10C21000CDE903100C4A2B4631463846F4F75EF957
:10C22000DAE700004F46460052313D25732C52326A
:10C230003D25732C4E45543D4E4F5F434143484589
:10C24000000000004F4E0000942E0108F0B5441D80
:10C25000C1B000E0641C20782028FBD010F0FF0F54
:10C260002BD0002741F28836254600E06D1C287847
:10C2700030380928FAD9A5420FD9287820280CD1BE
:10C280000A2220460021F4F77BFC6C1C064601279D
:10C2900000E0641C20782028FBD0207868B10222BE
:10C2A000204630A1F4F70FFD80B12FA223464FF4B2
:10C2B00080716846F4F712F910E02DA000F082FAC0
:10C2C0002FA000F069FA022041B0F0BDFF22214604
:10C2D0006846F4F745FE00208DF8FF006FB931A1E4
:10C2E0006846F4F790FC10B14EF6602605E030A1E8
:10C2F0006846F4F788FC00B1304E0320FBF75CFB86
:10C3000010B100F003FADFE74FF496723146684649
:10C31000FDF778FC04000CD0022C0CD028A000BF44
:10C3200000F050FAFBF778FC007830B1FBF774FCB2
:10C3300006E025A0F4E725A0F2E7022C07D025A00F
:10C3400000F02AFA0320FBF739FC44B105E01FA0F6
:10C3500000F022FA0320FBF731FC0320B4E70020B1
:10C36000B2E7000041540000415425730000000072
:10C37000494E56414C49445F504152414D000000E6
:10C3800055736167653A204154524157205B746987
:10C390006D656F75745F6D735D2041542B434D4423
:10C3A0000000000041542B4D5154544F50454E0055
:10C3B00041542B4D495043414C4C3D00F049020043
:10C3C0004552524F520000004F4B000054494D451A
:10C3D0004F5554004E4F20524553504F4E53450039
:10C3E000032010B5FBF7E8FA18B1BDE8104000F0E3
:10C3F0008DB9FDF7D7FA04000CD00AA000F0E2F9DD
:10C400000AA000BF00F0C8F90320FBF7D7FB34B146
:10C41000032010BD09A000F0D5F909A0F2E7002023
:10C4200010BD00004552524F5200000053454C468B
:10C43000544553543D4552524F5200004F4B00005B
:10C4400053454C46544553543D4F4B0070B5040082
:10C450000AD06BA000F0B6F96AA000F09DF9204662
:10C46000F4F712FC002308E067A000F0ABF902200B
:10C4700070BD00BF401E02F8013C002808DD2218F4
:10C4800012F8011C0D29F5D00A29F3D02029F1D08A
:10C490000522204660A1F4F716FC40B160A12046B9
:10C4A00000F0A0F940B1BDE87040FFF799BF204609
:10C4B000BDE87040FFF7CABE5CA1204600F092F9CB
:10C4C00048B1FCF7C4FA0446FBF7DEFF00F07AF946
:10C4D00058A021461CE059A1204600F083F9E0B1A4
:10C4E000FBF776FF20B1FBF7E5FD040007D009E07C
:10C4F00055A000F067F957A000F04EF90BE0FDF7EA
:10C50000B5F80446FBF7C0FF00F05CF956A02146E1
:10C5100000F01AF984B1032070BD56A1204600F046
:10C5200061F958B1FBF764FD0446FBF7ADFF00F07D
:10C5300049F953A02146EBE7002070BD53A12046E6
:10C5400000F050F908B1002013E052A1204600F09D
:10C5500049F940B1002015E029A000F033F928A0E6
:10C5600000F01AF9E8E74DA1204600F03BF918B1B8
:10C57000012000F023FCEFE74AA1204600F032F949
:10C5800018B1012000F008FCE6E748A1204600F0C1
:10C5900029F948B947A1204600F024F960B947A11C
:10C5A000204600F01FF910B100F0DBFBD4E746A1F4
:10C5B000204600F017F910B100F0CAFBCCE745A106
:10C5C000204600F00FF90028C6D145A1204600F012
:10C5D00009F94FF4005538B109A000F0F3F84248CA
:10C5E0002946FFF7DBFDA7E740A1204600F0FAF857
:10C5F0000028F1D142A000F0E5F8012070BD000054
:10C600004F4B000000000000494E56414C49445F2A
:10C61000504152414D00000041545241570000002A
:10C6200053454C4654455354000000004E45544970
:10C630004E4954004E4554494E4954004D515454AE
:10C64000494E4954000000004E4F545F524541444A
:10C650005900000052756E204E4554494E495420F1
:10C6600066697273740000004D515454494E495428
:10C67000000000004D515454434C4F5345000000FE
:10C680004D515454434C4F534500000052315F4FBD
:10C690004E00000052315F4F4646000052325F4F5D
:10C6A0004E00000052325F4F46460000414C4C5F46
:10C6B0004F4E0000414C4C5F4F4646005041445F96
:10C6C0004F50454E000000005041445F434C4F53D3
:10C6D000450000005041445F53544F50000000009B
:10C6E00053544154555300000C25002451554552D4
:10C6F000595F5041445F535441545553000000006A
:10C70000554E4B4E4F574E5F434D440010B5FBF70F
:10C7100099FB06A2034609484FF40051F3F7DEFEE9
:10C7200007A000F04FF8032010BD00004C36313058
:10C7300020627573793A2025730000000C250024CF
:10C740004255535900000000FEB50E460546FBF762
:10C750002BFE0446FBF742FE07463046FBF794FEED
:10C76000CDE900070B4804A24FF400512B46029478
:10C77000F3F7B4FEFEBD000025733D25730D0A538B
:10C78000544154453D25730D0A44455441494C3D9F
:10C79000257300000C25002410B54FF0000448B1AB
:10C7A00041F6FF7201460548F4F7DAFB044880F8C9
:10C7B000FF4F10BD0148047010BD00000C2500247F
:10C7C0000C35002470B5064C4FF0000530B11F2227
:10C7D00001462046F4F7C4FBE57770BD257070BDB7
:10C7E0000C45002410B5F4F7E7FB08B1002010BD9C
:10C7F000012010BD2DE9F047454D044689464FF014
:10C80000000A2868C04380070AD0414E283E30689D
:10C8100020F080603060F8F713FD0746B04608E06E
:10C820000120BDE8F08700BFF8F70AFDC01B022811
:10C8300067D8D8F800000001F6D4206829684FF4C2
:10C84000FE0721F47C313E0241EA00302860207A64
:10C85000A389B4F804C040022D4D2D495B1E227CF3
:10C86000ACF1010C1035091DA0F5007080B2521E0C
:10C87000CCF3080C07EA034340EA0C00184306EA2D
:10C880000262104328600868626920F0C00010430B
:10C8900008600A68A06922F0200202430A60281D8D
:10C8A0000A6822F010020A6002684FF6F873E46921
:10C8B0009A4342EAC40202600868B9F1000F40F0EE
:10C8C00010020A6011D00868B9F1010F11D040F4CC
:10C8D00000100860D8F80000444640F08060C8F8B6
:10C8E0000000F8F7ADFC05460DE0086840F40020B4
:10C8F000EFE740F48010ECE7F8F7A2FC401B0228B9
:10C9000001D903208DE720680001F5D5504688E75E
:10C91000284402582DE9F047454D044689464FF01A
:10C92000000A2868C04380070AD0414E283E30687C
:10C9300020F080503060F8F783FC0746B04608E0EE
:10C940000120BDE8F08700BFF8F77AFCC01B022881
:10C9500067D8D8F800008000F6D4208829684FF402
:10C96000FE0721F07C713E0241EA00502860207AE7
:10C97000A389B4F804C040022D4D2D495B1E227CD2
:10C98000ACF1010C1835091DA0F5007080B2521EE3
:10C99000CCF3080C07EA034340EA0C00184306EA0C
:10C9A0000262104328600868626920F44060104306
:10C9B00008600A68A06922F4007202430A60281D18
:10C9C0000A6822F480720A6002684FF6F873E4691C
:10C9D0009A4342EAC40202600868B9F1000F40F4C9
:10C9E00080720A6011D00868B9F1010F11D040F0CF
:10C9F00080700860D8F80000444640F08050C8F8C5
:10CA00000000F8F71DFC05460DE0086840F48000C2
:10CA1000EFE740F40000ECE7F8F712FC401B0228B7
:10CA200001D903208DE720688000F5D5504688E7BE
:10CA3000284402581B4900EE100AB8EE400A087854
:10CA400050B3D1ED010AF6EE081AB5EE001A60EE09
:10CA5000A10A40EE010AC1ED010A00BF91ED010AF1
:10CA6000B5EEC00AF1EE10FA03D29FED0F0A81ED88
:10CA7000010A10EE100A0D4A904203DD9FED0C0AE8
:10CA800081ED010AF6EE000A30EE200ABCEEC00A83
:10CA900010EE100A80B2704781ED010A0120087083
:10CAA000DCE70000D80000240000000000FF7F4702
:10CAB00000FF7F477CB505000C460CD0002C0AD047
:10CAC000B7EEC00A04A28DED000BF3F707FD29199C
:10CAD000002001F8010C7CBD252E306625250000C4
:10CAE00070B5194900249FED190A19482DED028BE4
:10CAF0009FED148A81ED018A0C7081ED020A4C7061
:10CB0000102104704460048180ED038AB0EE480A6D
:10CB100004741130FFF7CEFF0E4D1021B0EE480A1D
:10CB200005F15D00A5F8444085ED128A85ED108A77
:10CB300085F84C404435FFF7BDFF85F82B40BDEC30
:10CB4000028B70BD00000000D800002400FF7F476A
:10CB5000EC9B0024109C002470B5194900249FED23
:10CB6000190A19482DED028B9FED148A81ED018A77
:10CB70000C7081ED020A4C70102104704460048135
:10CB800080ED038AB0EE480A04741130FFF792FF7B
:10CB90000E4D1021B0EE480A05F15D00A5F84440A5
:10CBA00085ED128A85ED108A85F84C404435FFF7F3
:10CBB00081FF85F82B40BDEC028B70BD00000000AA
:10CBC000D800002400FF7F47EC9B0024109C002429
:10CBD000704700002DE9F047022001F0CDF8FFF783
:10CBE00029FF384D0446297C00F07CF836494FF087
:10CBF00000089FED361A4A78C2B1D1ED020A10EE54
:10CC0000901AB1F17E5F11DD00EE104ADFED301AAF
:10CC10003049B8EE400A30EEC00A80EE202A22EEFB
:10CC2000210AB5EEC00AF1EE10FA02D2B0EE410AC6
:10CC300005E010EE100A884201DDB0EE610A2C8199
:10CC400085ED030A287CF0EE400A002810EE900AD9
:10CC500003D0B0F1814F03DC04E0B0F1824F01DB7F
:10CC6000012000E000202874164810211130814670
:10CC7000FFF720FF01272F70F8F7E2FA00EE104AC5
:10CC80009FED161ADFED160AB8EE400A124E0F227B
:10CC90006860494620EE011A26F8444F81EE200ACA
:10CCA00086ED010A287C30720B4895ED030A5D3051
:10CCB00006ED010AF4F754F986F8288086F82B70FF
:10CCC000BDE8F087EC9B0024D800002400000000A1
:10CCD0000000C8420000C842109C00243333534077
:10CCE00000FF7F47154A00EE100AB8EE400A507860
:10CCF00008B129B110E0012082ED020A507070479E
:10CD0000DFED0F1AD2ED020A9FED0E1A60EEA10AB6
:10CD100040EE010AC2ED020A9068B0F17E5F03DACC
:10CD2000B7EE000A82ED020A074990688842E6DD04
:10CD30009FED060A82ED020A70470000D800002429
:10CD400048E17A3F0AD7A33C00FF7F4700FF7F47B7
:10CD5000002010B500F020F8BDE81040012000F0E0
:10CD60001BB8002010B500F029F8BDE810400120E4
:10CD700000F024B808B12020704710207047000050
:10CD800000487047000002580149085C70470000E5
:10CD900020000024FFF7DCBF70B50546FFF7EAFF6F
:10CDA00004462846FFF7ECFF00222146F8F73DFA3B
:10CDB00001490020485570BD2000002470B505468B
:10CDC000FFF7D8FF04462846FFF7DAFF0122214685
:10CDD000F8F72BFA01490120485570BD20000024C6
:10CDE0007047F8F733BA000030B59DB04C21684663
:10CDF000F4F78FF8202113A8F4F78BF80220F8F746
:10CE000017FB1E490A681E4822F001020A600968E1
:10CE1000016821F4404141F480410160016800242F
:10CE200001F440411B9101688904FCD51548402557
:10CE300002680221012322F003020260099468467D
:10CE40000091CDE90335F9F761FD08B172B6FEE74F
:10CE50003F20CDE9130415944FF48061169413A874
:10CE6000CDE91745CDE919140121F9F73FFB002859
:10CE700001D072B6FEE71DB030BD00002C04005892
:10CE800018480258284402583348F0B5334A01681C
:10CE900041F470010160106800F00F00072804D20F
:10CEA000106820F00F00C01D10602D4900202C4C90
:10CEB00010340B682B4D43F001030B6020600B68AE
:10CEC0002B400B60136803F00F03072B04D9136882
:10CED00023F00F03DB1D1360214C234A1834234B2E
:10CEE000261D371D20601E4C214D28343060261D24
:10CEF0003860371D23603B1D35601C1D3A60251DC1
:10CF00002E1D1860331D22602860326018600A6888
:10CF1000134B184C22F4802260330A60186020689A
:10CF20006FF30F00B0F1005F03D213490120C1F885
:10CF300008010B48D4300168C9040BD4026843F2DD
:10CF4000D2010E4B42F4805202601960016821F454
:10CF500080510160F0BD000088ED00E0002000522B
:10CF6000004402587FEDF6EA80020101000202024D
:10CF70000000FF010010005C0080005100400052E2
:10CF800030B5416EB9B101680D4B03F108048A68F0
:10CF90008968C2F34262490F5D5C615C2D01B5FB9B
:10CFA000F1F1A0F86A10995CA25C0901B1FBF2F101
:10CFB000A0F8681030BD0121A0F86A10F8E7000061
:10CFC0003EFD000890F82810090706D50168836B1C
:10CFD0004A6822F400421A434A6090F82810C907B0
:10CFE00006D00168C36A4A6822F400321A434A60D4
:10CFF00090F82810890706D50168036B4A6822F467
:10D0000080321A434A6090F82810490706D5016813
:10D01000436B4A6822F480221A434A6090F8281031
:10D02000C90606D50168C36B8A6822F480521A4388
:10D030008A6090F82810890606D50168036C8A6812
:10D0400022F400521A438A6090F82810490611D53C
:10D050000168436C4A6822F480121A434A60416CAA
:10D06000B1F5801F06D10168836C4A6822F4C002C2
:10D070001A434A6090F82810090606D50168C26C68
:10D08000486820F400201043486070472DE9F843B9
:10D0900000250446C0F89050F8F7D2F88046206882
:10D0A00020266FF07E470068000713D50022434614
:10D0B00031042046009700F033FD58B1216851E853
:10D0C000000F20F0800041E80002002AF6D1C4F8E9
:10D0D000886021E020680068400722D5002243468E
:10D0E0004FF480012046009700F01AFDC8B1206877
:10D0F00050E8001F21F4907140E80012002AF6D198
:10D100002068083050E8001F21F0010140E80012BB
:10D11000002AF5D1C4F88C60032084F88450BDE85F
:10D12000F883C4F88860C4F88C60E5662567002041
:10D1300084F88450F3E710B5806BF9F7B7FF10BDA2
:10D1400010B5026852E8001F21F4907142E8001304
:10D15000002BF6D10E4B0268083252E8001F19402E
:10D1600042E80014002CF6D1C16E012908D10268F2
:10D1700052E8001F21F0100142E80013002BF6D105
:10D1800000212022C0F88C20C166416710BD00003C
:10D19000FEFFFFEF10B5D0F88C10B0F86020222908
:10D1A000016804D0886940F00800886110BD496AB0
:10D1B000836D11401980816D891C8165B0F85E1006
:10D1C000491EA0F85E10B0F85E100029EED101688B
:10D1D00051E8002F22F4907241E80023002BF6D191
:10D1E0000168083151E8002F22F0010241E80023D4
:10D1F000002BF5D1184B002102682024C0F88C4088
:10D20000416701679A420BD05268120208D5036841
:10D2100053E8002F22F0806243E80024002CF6D16E
:10D22000C26E012A02D0FAF713FB10BDC166026874
:10D2300052E8001F21F0100142E80013002BF6D144
:10D240000168CA69D243D20601D410220A62B0F83A
:10D250005C10F9F787FE10BD000C00582DE9F0476F
:10D2600004460068C569D0F800A0D0F80890D4F84A
:10D270008C10B4F86060222905D0816941F0080162
:10D280008161BDE8F087B4F868704FF0000844E0B1
:10D290002068A16D406A30400880A06D801CA065A8
:10D2A000B4F85E00401EA4F85E002068C5696907F6
:10D2B00030D0E9070AD05FEACA5107D501210162DF
:10D2C000D4F8900040F00100C4F89000A8070BD5F6
:10D2D0005FEAC97008D0216802200862D4F8900083
:10D2E00040F00400C4F8900068070BD55FEAC970ED
:10D2F00008D0216804200862D4F8900040F00200B1
:10D30000C4F89000D4F8900020B12046F9F7CEFE82
:10D31000C4F89080B4F85E0000B30FB1A806B7D48B
:10D32000B4F85E000028ACD0B4F868108142A8D9E7
:10D330002068083050E8001F21F0805140E80012BA
:10D34000002AF5D12A486067216851E8000F40F0B3
:10D35000200041E80002002AF6D192E7216851E856
:10D36000000F20F4807041E80002002AF6D1214A23
:10D370002068083050E8001F114040E80013002BDF
:10D38000F6D11D4A202321684046C4F88C30C4F8E9
:10D390007480C4F8708091420BD04968090208D5A6
:10D3A000226852E8001F21F0806142E80013002B40
:10D3B000F6D1E16E012903D02046FAF749FAAFE72A
:10D3C000E066216851E8000F20F0100041E80002FB
:10D3D000002AF6D12068C169C943C90601D41021C9
:10D3E0000162B4F85C102046F9F7BCFD98E7000034
:10D3F00095D10008FEFFFFEF000C005810B5D0F8E3
:10D400008C10B0F860202229016804D0886940F0AF
:10D410000800886110BD496A836D11401970816DE3
:10D42000491C8165B0F85E10491EA0F85E10B0F886
:10D430005E100029EED1026852E8001F21F49071BD
:10D4400042E80013002BF6D10168083151E8002FA3
:10D4500022F0010241E80023002BF5D1184B0021F6
:10D4600002682024C0F88C40416701679A420BD0C3
:10D470005268120208D5026852E8003F23F0806328
:10D4800042E80034002CF6D1C26E012A02D0FAF72D
:10D49000DFF910BDC166026852E8001F21F01001DB
:10D4A00042E80013002BF6D10168CA69D243D206C4
:10D4B00001D410220A62B0F85C10F9F753FD10BDD8
:10D4C000000C00582DE9F04704460068C569D0F803
:10D4D00000A0D0F80890D4F88C10B4F8606022292D
:10D4E00005D0816941F008018161BDE8F087B4F899
:10D4F00068704FF0000844E02068A16D406A304039
:10D500000870A06D401CA065B4F85E00401EA4F831
:10D510005E002068C569690730D0E9070AD05FEA74
:10D52000CA5107D501210162D4F8900040F00100F2
:10D53000C4F89000A8070BD55FEAC97008D021682D
:10D5400002200862D4F8900040F00400C4F8900073
:10D5500068070BD55FEAC97008D02168042008620B
:10D56000D4F8900040F00200C4F89000D4F8900085
:10D5700020B12046F9F79AFDC4F89080B4F85E0017
:10D5800000B30FB1A806B7D4B4F85E000028ACD041
:10D59000B4F868108142A8D92068083050E8001F0C
:10D5A00021F0805140E80012002AF5D12A48606736
:10D5B000206850E8001F41F0200140E80012002AD6
:10D5C000F6D192E7216851E8000F20F4807041E81D
:10D5D0000002002AF6D1214A2068083050E8001FD6
:10D5E000114040E80013002BF6D11D4A202321688A
:10D5F0004046C4F88C30C4F87480C4F870809142FE
:10D600000BD04968090208D5226852E8001F21F0B2
:10D61000806142E80013002BF6D1E16E012903D0AE
:10D620002046FAF715F9AFE7E066206850E8001FDA
:10D6300021F0100140E80012002AF6D12068C169EB
:10D64000C943C90601D410210162B4F85C10204618
:10D65000F9F788FC98E70000FDD30008FEFFFFEF14
:10D66000000C00582DE9F04304468068D84E87B07E
:10D67000D84B2168D4E90427D4F81CC010430A68A9
:10D68000002547EA0C073843324002430A6020680D
:10D69000E268416821F44051114341602268A16968
:10D6A0009A4201D0206A01439768DFF82CC3CB4E21
:10D6B000CB4807EA0C070F4397602168676ACA6A7C
:10D6C00022F00F023A43CA622268B2420ED10068C9
:10D6D00000F03800182873D047DCB8B3082879D098
:10D6E00010286FD178E028287ED17BE0BD498A429E
:10D6F00009D1006800F00700062875D2DFE800F0C5
:10D70000546A6C6E7072B8498A4209D1006800F0A0
:10D710000700062868D2DFE800F0475D5F616365B7
:10D72000B2498A4209D1006800F0070006285BD29E
:10D73000DFE800F03A5052545658AD498A420BD1B6
:10D74000006800F0070006284ED200E010E0DFE895
:10D7500000F02B4143454749A6498A420AD1006857
:10D7600000F03800182839D0B7DD2028BBD13CE0C4
:10D7700001203AE0A0498A4209D1006800F0070080
:10D78000062831D2DFE800F01026282A2C2E9B49EB
:10D790008A420BD1006800F00700062824D2DFE897
:10D7A00000F003191B1D1F2100201EE09A421BD10F
:10D7B0008B48001D006800F00700062814D202E024
:10D7C0000CE007E010E0DFE800F0030507090B0DAF
:10D7D00002200AE0042008E0082006E0102004E00F
:10D7E000202002E0402000E080208549DFF81482FC
:10D7F0009A42854A4FF400434FEA21174FF0000642
:10D800004ED110281AD006DC022809D004280BD0EB
:10D8100008287CD10DE020283ED0402877D13DE07B
:10D82000F7F730FE014610E06846F7F7E1FE019990
:10D830000BE003A8F7F77EFF049906E01068800666
:10D8400005D51068C0F3C100C140002970D0606ADE
:10D85000676838F8102007EB4703B1FBF2F083420A
:10D8600055D8B0EB073F52D8002308461946F2F7C7
:10D87000BDFD02467808130E120243EA012110187A
:10D880003A4671410023F2F7B1FD604AA0F54071BC
:10D8900091423CD821688FE03946D8E71946D6E74F
:10D8A000D4F81CC04FF6EF799C4546D1082819D012
:10D8B00005DC58B101280CD0042875D10DE01028E2
:10D8C00015D0202835D040286ED134E0F8F75EFF1F
:10D8D00001E0F8F76DFF014610E06846F7F788FEB3
:10D8E00001990BE003A8F7F725FF049906E01068FB
:10D8F000800604D51068C0F3C100C140C1B1636A9D
:10D90000606838F81330B1FBF3F1490000E04BE0F8
:10D9100001EB5001B1FBF0F0A0F11001494543D8F3
:10D920004FF6F0732168C0F342021840104343E001
:10D9300043E03946E3E71946E1E7082819D005DC5A
:10D9400058B101280CD004282ED10DE0102815D094
:10D9500020282BD0402827D12AE0F8F717FF01E034
:10D96000F8F726FF014610E06846F7F741FE0199F7
:10D970000BE003A8F7F7DEFE049906E010688006C6
:10D9800004D51068C0F3C100C140B1B1636A6068DA
:10D9900038F81330B1FBF3F101EB5001B1FBF0F0BB
:10D9A000A0F11001494505D9012506E03946EDE70A
:10D9B0001946EBE7216880B2C8600120A4F86A002C
:10D9C000A4F8680028466667A66707B0BDE8F0833C
:10D9D000F369FFCF000C0058FFF4FF110010014065
:10D9E000544402580044004000480040004C0040AD
:10D9F000005000400014014000780040007C0040CE
:10DA00000090D00326FD000800440258FFFC0F00E0
:10DA100070B58368002481654FF48056A0F85C20BF
:10DA2000B342A0F85E204FF0FF01446704D10369C0
:10DA300003BB40F2FF111DE04FF07F05C3B1B3F10E
:10DA4000805F1AD0A0F860402221C0F89040C0F852
:10DA50008C100168083151E8003F43F0010341E8B0
:10DA60000034002CF5D1416EB1F1005F0CD02FE0F5
:10DA7000036933B9A0F86010E6E7016909B13F21F5
:10DA8000F8E7A0F86050DFE7B0F8681091421FD8BF
:10DA90008168B14201D10169B9B11D49026941678B
:10DAA00042B1026852E8001F41F4807142E800135D
:10DAB000002BF6D10168083151E8002F42F0805266
:10DAC00041E80023002BF5D120E012494167F1E73E
:10DAD0008168B14201D1016969B10F4902694167A9
:10DAE0005AB1016851E8002F42F4907241E80023D6
:10DAF000002BF6D10AE009494167026852E8001F8D
:10DB000041F0200142E80013002BF6D1002070BD47
:10DB1000C5D400085DD20008FDD3000895D10008E7
:10DB20002DE9F047994617460D460446089E4FF0EA
:10DB3000000833E0701C31D0F7F782FBA0EB09003E
:10DB4000B04218D8BEB120680168490726D5802D9B
:10DB500024D0402D22D0C169C94309070DD408251E
:10DB600005622046FFF7ECFAC4F89050012084F8D3
:10DB70008480BDE8F0870320FBE7C069C04300054F
:10DB80000CD421684FF4006008622046FFF7D8FAF1
:10DB90002021C4F8901084F88480ECE72068C069E4
:10DBA00035EA000004D00020B842C3D00020E0E7EE
:10DBB0000120F9E70148F9F7B1BA00007401002427
:10DBC0000148F9F7ABBA0000080200240148F9F750
:10DBD000A5BA00009C0200240148F9F79FBA000092
:10DBE00030030024B0F80011B0F80221914205D3AF
:10DBF000B0F80011B0F80201081A06E0B0F80211FE
:10DC0000B0F80001C1F58071084480B2704700216E
:10DC1000A0F80211A0F8001170470021A0F800112F
:10DC2000A0F802114FF48071F3F751B9B0F8002158
:10DC3000B0F802319A4201D100207047B0F80221B9
:10DC4000825C0A70B0F80211491CC9B2A0F8021136
:10DC500001207047B0F80021B0F80231521CD2B256
:10DC6000934201D100207047B0F80031C154A0F8B0
:10DC7000002101207047F0B5002415460E460746E6
:10DC800006E031193846FFF7D1FF18B1641CA4B281
:10DC9000AC42F6D32046F0BDFEE70000F0B587B0F9
:10DCA00006461C216846F3F734F94FF0000596B399
:10DCB0002E4C40F2FF77207870B92D483A464FF04D
:10DCC0000111F6F735F900284FF0010000D060701F
:10DCD00020700120F7F778F92548F6F795FE002027
:10DCE0002449042406220523CDE904408DE88E0052
:10DCF0008DF8190069461E48F6F7FCF958B91C481A
:10DD0000F6F7FEFD38B91A486421F6F767FD18B139
:10DD10001748F6F779FE0AE01548F6F7FBFB1448BA
:10DD2000F6F772FE00241248F6F7EAFD10B1012062
:10DD300007B0F0BD0E486421F6F750FD0028E7D18A
:10DD40000B48F6F7E7FB05440948F6F75DFE601C53
:10DD5000142802D20520F7F737F9641C142CE2D3FB
:10DD60001420B5FBF0F030800020E1E70000002433
:10DD70001001002400018021032801D300207047F6
:10DD8000014931F8100070470200002438B5002422
:10DD90006846ADF80040FFF781FF20B10AA000F00F
:10DDA00021F8012038BD0A4804804480BDF80010E5
:10DDB0008180801E407808B106A000E007A000F036
:10DDC00011F8002038BD000043385F455252000072
:10DDD00002000024525F4E4F43414C0052414443E5
:10DDE0000000000010B500B905A00F22014606484A
:10DDF000F3F7B6F8044900200C39C87610BD0000CE
:10DE000052414443000000001C9C00242DE9F047CF
:10DE1000DFF83CA1074616460D46BAF8360008B1B1
:10DE2000012100E000214A488846B8380024F2EE7B
:10DE3000040A90F82B1081B197B300EE105A80F8C5
:10DE4000294081464581B8EE401A81EE200A80EDD6
:10DE5000050ADFED400A466326E07FB100EE105A66
:10DE600080F828400581B8EE400A80EE201A80ED47
:10DE7000041A0663858180F82A404FE090F8281044
:10DE8000FF2902D2491C80F828100189818190F86D
:10DE9000281080F82A10032940D300F0BFF93DE094
:10DEA0002BE000BF30EE200AB5EEC00AF1EE10FA0A
:10DEB000F8D3294910EE100A884202DB30EE600ADE
:10DEC000F8E79FED261ADFED260A30EE010A80EE14
:10DED000201ABDEEC10A10EE100AC11700EB5171F5
:10DEE00021F00701401A1F4951F8200000F0A4F961
:10DEF000A9F80C5089F82A4010E090F82910FF2961
:10DF000002D2491C80F829104189818190F829109A
:10DF100080F82A10032901D300F06EF98AF8044032
:10DF200057EA0807CAF800405546AAF8364005D116
:10DF3000074840210CA2403800F090F90C485036B8
:10DF4000EE63017881F001010170BDE8F087000007
:10DF5000C89A00240000B4430000B4430000B44158
:10DF6000000034428CFD000854494D454F55540083
:10DF7000D30000242DE9F04F5FEA00094FF00000C4
:10DF800089B00ED000290CD03AB133B10C2B0DF171
:10DF9000040A09D90C25002409E022A2484600F011
:10DFA0005DF909B0BDE8F08F00241D4618E0175D4B
:10DFB00000F1010CDFF870B0661C0BEB171797F837
:10DFC00000800AF800801FFA8CF012F804C0471C89
:10DFD0000CF00F0CB4B21BF80CC00AF800C0B8B2B9
:10DFE000AC4202D2861C1C2EE1D3AB420FD9C21C1C
:10DFF0001C2A0CD22E24451C0AF80040A8B2451C4D
:10E000000AF80040A8B2451C0AF80040A8B2002453
:10E0100006A20AF800404846CDF800A0F2F75EFAE2
:10E02000BFE700004E2F410078FD00082575422013
:10E030002573000070B51448B821F2F76AFF124842
:10E040004021B830F2F765FF0F4D00240F486C6097
:10E05000EC62047000F0E2F800F0CEF8AC814021F0
:10E0600085F82A400AA205F1380085F82B4000F017
:10E07000F5F8402106A205F1780000F0EFF8BDE8C0
:10E080007040002000F050B8109A0024D300002403
:10E090004E2F410031B1401A40F6B832904201D8BB
:10E0A000012070470020704770470000F8B500203D
:10E0B0000090F7F7C5F81B4E0446F06200F05EF8DA
:10E0C00006F1B8052879A0B1684600F02BF920B117
:10E0D000BDF800100120224608E0A86B40F2DC5198
:10E0E000201A88420CD3002122460846FFF78EFEF4
:10E0F00006E0E86B08B1A04202D8204600F0C2F862
:10E10000316B2046FFF7C6FF38B1716B2046FFF731
:10E11000C1FF10B10120746000E0002000F004F89D
:10E12000F8BD0000109A002470B5114D0646114C40
:10E130000F229FED110A05F11801288920816889B5
:10E14000608104F14D00D5ED040AC4ED000AD5ED5F
:10E15000050AC4ED010A84ED070A84ED080AF2F706
:10E16000FFFE002084F85C0084F86D602E7070BDA6
:10E17000109A0024109C0024000000002DE9FF47A5
:10E180001B4C201DFFF72EFD00282FD0102800D992
:10E19000102069460246201DFFF76DFD154C002535
:10E1A0000646E94604F105084FF0300A15E0E08E16
:10E1B00019F80570302805D200F80870E08E401C70
:10E1C000E08608E02F22A11D601DF2F70CFE84F806
:10E1D0003470A4F836A06D1CADB2B542E7D3054843
:10E1E000621DE38E40214038FFF7C4FEBDE8FF8783
:10E1F00004990024C89A0024054800219FED050ACF
:10E20000418180ED050A4163034800F015B8000024
:10E21000109A00240000000080E200080448002159
:10E220009FED040A018180ED040A0163704700003C
:10E23000109A00240000000010B500B905480F2214
:10E2400001460548F2F78CFE03490020183981F891
:10E25000270010BD80E20008289A002470B5050050
:10E2600013460C460BD0002C09D003B904A3621E40
:10E270001946F2F775FE2919002001F8010C70BD4E
:10E280004E2F41002DE9FE43804621482149007868
:10E2900081F82B0008B1204901E01F490C391D4CC1
:10E2A0001E4D0020B8342160E086281DFFF7AFFC2A
:10E2B000206801262A684168FAB152688A421CD156
:10E2C00001A900914389028941780078FDF703FF95
:10E2D0004021074601AA0346A4F18000FFF74AFE49
:10E2E00040210FA2A4F14000FFF7B8FF2868C8231F
:10E2F00001A93A46F5F79AFB30B10021424608469B
:10E30000FFF784FDBDE8FE832671C4F83880F9E785
:10E31000D3000024109A00246CFD00080499002406
:10E320004E2F41002DE9FC41134C0746206800B3F5
:10E33000FFB14089052101EB4001E08E8EB2B04271
:10E3400017D3002510E021684889CDE9000760193E
:10E350004B780A78401D3146FDF7E8FE10B10120E8
:10E36000BDE8FC816D1CADB2E18EA81980B2884277
:10E37000E9D90020F4E70000C89A002403B401980A
:10E380004100009850EAC12018BF04204A0D18BF70
:10E3900040F0010040F2FF72B2EB515F08BF40F065
:10E3A0000200012808BF052002B0704709070028B5
:10E3B0004FEA116104DB00F1E02080F8001470479F
:10E3C00000F00F0000F1E02080F8141D7047303895
:10E3D0000A2801D201207047002070472DE9F84F2C
:10E3E00005461F460AA891460C4690E840054FF6A0
:10E3F000FF7000902846FBF7E4FD3B464A46214665
:10E400002846CDF800A0FBF77DFD0020009004F128
:10E410000C0047F6EF3381B232460C35A8B2FBF759
:10E42000AFFD012041F6C30328344246A1B200905B
:10E43000A8B2FBF7A5FDBDE8F88F000070B58AB063
:10E440000C460021054641F6C300382300904FF4E6
:10E4500048720846FBF7B5FD01204FF6FF76102104
:10E4600033462A4600901220FBF78AFD04200090D4
:10E47000631C202108A201A8F2F730F800203346DF
:10E480001221009001AA40F28A20FBF779FD204674
:10E4900000F008F80AB070BD504147452025752F9F
:10E4A000257500002DE9F84FDFF870904FF0000A55
:10E4B000DC2580464FF6FF775446444503D100BF24
:10E4C00042F67F5001E041F6343001D13E4601E092
:10E4D00047F6EF364FF028034FF084024FF0080163
:10E4E00000902846FBF76DFD2823284684220097DC
:10E4F0000821FBF707FD05F10E00CDF800A059F843
:10E50000242080B213213346FBF73AFD8C35641C7E
:10E51000E4B2ADB2042CD0D3BDE8F88FEC000024F7
:10E5200030EE600A9FED051AB4EEC01AF1EE10FA53
:10E53000F1EE400A30FE800A704700000000000043
:10E54000884201D3401A00E0081A80B2704788421E
:10E5500001D3401A00E0081A80B2704706490A78D1
:10E56000101801D5032002E0042800DB0020087009
:10E5700001224A7070470000FC000024094930B5B0
:10E58000087800280DD1084A08481468002344F090
:10E590008075156001244360026842F00102026048
:10E5A0000C7030BDE4000024FCED00E0001000E041
:10E5B0002DE9F84F05469946AA4217460C4601D365
:10E5C000781B00E0E81B4FF0FF31BD42804601D2CE
:10E5D000012000E008461A46A145009001D3A01A88
:10E5E00000E0101B4C45824600D2012108EB0A06D0
:10E5F0008B460A9A2146284600F016F8BD4201D102
:10E600004C450ED0BAEB460F03DC0098564429184F
:10E610008DB2B8EB460FECDB04EB0B018CB2464439
:10E62000E7E7BDE8F88F000070B50D4601460C48DD
:10E6300014460278002A11D042888A420ED9808876
:10E64000A8420BD9084600F00DFA2946084600F00A
:10E6500023FA04492C200880881C048070BD000027
:10E66000809C0024FEFF07602DE9F04105461B4811
:10E670000C461F46DDF818801646017800292BD07D
:10E680004188A94228D98088A04225D9B14201D821
:10E69000491E8EB2B84201D8401E87B2AE421BD38B
:10E6A000A74219D33146284600F0DCF93946204606
:10E6B00000F0F2F90A492C2008808A1C0AE028465A
:10E6C00004E000BFA2F80080401C80B2B042F9D93B
:10E6D000641CA4B2BC42F2D9BDE8F081809C002445
:10E6E000FEFF076010B586B014216846F2F711FCF2
:10E6F0001748016841F480510160006800F48050BF
:10E70000059013480C30016841F008010160016870
:10E7100001F008010591016841F0100101600068F5
:10E720000221002200F01000059003234EF2B37086
:10E730000C248DE81F0007486946F6F757FC4FF692
:10E740008070009004486946F6F750FC06B010BD92
:10E75000D4440258000C02580010025830B593B04F
:10E760001C216846F2F7D5FB1C2107A8F2F7D1FB64
:10E77000FFF7B8FF00240E940F9410941194F6F74D
:10E78000E9FD1B228DF840208DF8444001208DF8D2
:10E79000414003238DF845404FF0C0418DF83800CB
:10E7A0008DF842408DF846408DF839000F918DF874
:10E7B00043308DF847000EA8F6F79EFD0420F6F7CB
:10E7C000D7FD14481025144A0521114B8460C0E977
:10E7D00000322A02C460C0E9044593008461C46128
:10E7E0005025C0E90842C0E90A4304630F2244638C
:10E7F00084630464CDE90254009207AACDE906417E
:10E80000CDE9091469460D94F8F742FB13B030BD09
:10E81000004000528C9C002404410052F0B50025B9
:10E82000DDE905460D601570203E1D705F2E2570D8
:10E83000F5B219D24FF00C0760B11026012814D0A0
:10E8400002281BD0134800EB85170F602025167097
:10E8500040201CE005EB45000F4D05EB80050D60E9
:10E86000062010701F702770F0BD0C4800EB0515D6
:10E870000D60082010701E702670F0BD05EBC500FD
:10E88000074D05EB80060E601825177024201D70BB
:10E890002070F0BD6C150108ACFD000820020108D5
:10E8A000100801087CB56846FBF73AFC264C4FF08F
:10E8B000010568B19DF8040050B1E078002806D148
:10E8C000E570BDF80000A080BDF80200E0807CBDCE
:10E8D000E0780028FBD0BDF80010A088FFF737FED5
:10E8E000BDF802100646E088FFF731FE0021E17016
:10E8F000142E18D8142816D8E088A288083828289A
:10E90000E5D2DC20824207D300F184039BB293421C
:10E9100002D9217065707CBD491C8C30C9B280B2AF
:10E920000429EFD37CBD3C2EFCD38642FAD9BDF836
:10E930000000A188884202D94FF0FF3000E001209A
:10E94000FFF70CFE7CBD0000FC00002470B5414DBB
:10E95000E2202880AC1C1D20208002202080042082
:10E960002080FFF70BFE3C4864223C4B3C4900688A
:10E97000B0FBF3F050434A684B689B1A8342FBD3C9
:10E98000E0202880012020800A20F6F71DFBE020EF
:10E990002880032020800C20F6F716FB0120288019
:10E9A0000A20F6F711FBE62028802F202080FF2088
:10E9B00020802080B02028802020208000202080FF
:10E9C000032020801F20208001202080DF20208045
:10E9D00000202080B4202880042020801F20208058
:10E9E000002020802E202080002020802080208079
:10E9F0002080B6202880022020800C20208000204B
:10EA00002080172020801620208000202080208059
:10EA1000F02028800320208029202880D0202880F2
:10EA200000202080BE20288005202080FE2020801D
:10EA3000012020800020208020802080B820288095
:10EA40000320208001202080BA20288001202080FF
:10EA500070BD0000FEFF07601400002440420F005C
:10EA6000001000E00A4B0B4A9B7973B1022B0CD0CB
:10EA70002A231380074A921C030A1380C0B2108015
:10EA8000080A1080C8B2108070472B23F1E70000FD
:10EA9000809C0024FEFF07600A4B0B4A9B7973B1F0
:10EAA000022B0CD02B231380074A921C030A1380DD
:10EAB000C0B21080080A1080C8B2108070472A23A4
:10EAC000F1E70000809C0024FEFF076010B52F4C8A
:10EAD000A17931B1012942D0022920D0032952D194
:10EAE0003BE010F01F0F4ED1401108284BD2DFE859
:10EAF00000F0040C080E06100A1220200CE0602022
:10EB00000AE0A02008E0E02006E0002004E08020E9
:10EB100002E0402000E0C02040F001001FE010F0C3
:10EB20001F0F30D1401108282DD2DFE800F0040C6F
:10EB3000080E06100A1220200CE060200AE0A02037
:10EB400008E0E02006E0002004E0802002E0402011
:10EB500000E0C02040F0020001E040F003000C4B58
:10EB600020819A1C3621198010806088401E81B255
:10EB70000020FFF777FFA088401E81B20020FFF73A
:10EB80008BFF012010BD002010BD0000809C0024E0
:10EB9000FEFF07602DE9F04F8DB0834603A81D46A8
:10EBA0004FF000088946CDE9000207AB444608AAA9
:10EBB000284602A9FFF732FE0298002837D01D48E8
:10EBC0009DF820200BEB0201438899422FD89DF835
:10EBD0001C10828809EB0100904228D8002522E011
:10EBE000029800260BEB080A475D380607D509EBAB
:10EBF0000400169A81B21FFA8AF0FFF715FD9DF8FE
:10EC00001C00641CE4B2844205D108F10100002418
:10EC100000F0FF0805E07806761C070EF6B2082E15
:10EC2000E3D36D1CEDB29DF80C008542D8D30DB036
:10EC3000BDE8F08F809C00242DE9F04F89B0044698
:10EC400000209A4690460D46129FA146DDF850B02E
:10EC5000002F8DF810008DF8080045D0244E307834
:10EC6000002841D04FF0410106A802ABCDE90001D8
:10EC7000139804AA05A9FFF7D1FD9DF810000028FC
:10EC800032D09DF8080000282ED0708804EB0801CF
:10EC9000814200D888B2B68805EB0A018046B142AD
:10ECA0001DD88EB21BE000BF9DF810002118414511
:10ECB00004D99DF808004C46284485B29DF8080008
:10ECC0002844B04210D8139B29462046CDF800B006
:10ECD000FFF760FF9DF810007F1C204484B23A7853
:10ECE000A2F120005E28DFD909B0BDE8F08F000056
:10ECF000809C002470B505000C467CD0002CFCD014
:10ED000095F8200094F82010884274D195F82800D6
:10ED100094F828108842F8D195F8290094F8291021
:10ED20008842F2D195F8D00094F8D0108842ECD106
:10ED300095F8560294F856128842E6D1D5F85C024E
:10ED4000D4F85C128842E0D195F8600294F8601221
:10ED50008842DAD195F8610294F861128842D4D1E0
:10ED600095F8620294F862128842CED195F8AC020E
:10ED700094F8AC128842C8D195F8BC0294F8BC1241
:10ED80008842C2D195F8BD0294F8BD128842BCD128
:10ED900095F8BE0294F8BE128842B6D195F8BF022B
:10EDA00094F8BF128842B0D195F8C00294F8C0120E
:10EDB0008842AAD1D4ED230A95ED230AFFF7B0FBD0
:10EDC00010EE100A734EB04215DCD4ED240A95ED16
:10EDD000240AFFF7A5FB10EE100A6F4988420ADCEF
:10EDE000D4ED300A95ED300AFFF79AFB10EE100AC9
:10EDF000B04200DC00E089E0D4ED310A95ED310A43
:10EE0000FFF78EFB10EE100AB0F17C5F7EDCD4EDD4
:10EE1000360A95ED360AFFF783FB10EE100A4FF025
:10EE20007E56B04272DCD4ED370A95ED370AFFF713
:10EE300077FB10EE100AB04268DCD4ED380A95ED8D
:10EE4000380AFFF76DFB10EE100A544988425DDC6A
:10EE5000D4ED390A95ED390AFFF762FB10EE100A7E
:10EE60004F4EB04252DCD4ED3A0A95ED3A0AFFF724
:10EE700057FB10EE100AB04248DCB4F89410B5F815
:10EE80009400FFF75DFB082840D8B4F89610B5F859
:10EE90009600FFF755FB082879D8B4F85412B5F856
:10EEA0005402FFF74DFB88BBB4F8EC10B5F8EC004A
:10EEB000FFF746FB08286AD8D5F85802D4F858124C
:10EEC000884264D104F12A0105F12A0000F06AF8B1
:10EED000E0B904F14A0105F14A0000F063F8A8B96D
:10EEE00004F16C0105F16C0000F05CF870B904F5F8
:10EEF0004B7105F54B7000F055F838B904F56B719E
:10EF000005F56B7000F04EF800B900E03FE004F248
:10EF10002C4105F22C4000F045F8C0BB04F53371DC
:10EF200005F5337000F03EF888BB04F2AC4105F201
:10EF3000AC4000F037F850BB04F53B7105F53B7071
:10EF400000F030F818BB04F59A7105F59A7000F0DE
:10EF500029F8E0B904F5AA7105F5AA7000F022F8C5
:10EF6000A8B904F5EA7105F5EA7000F01BF870B96C
:10EF700004F1F40105F1F40000F014F838B904F5D7
:10EF80008A7105F58A7000F00DF8002800D0012084
:10EF900070BD0000CDCCCC3D000040400000A04042
:10EFA0000AD7233C10B530B129B1F2F705F8002893
:10EFB00000D0012010BD8842FBD1002010BD08B553
:10EFC0000020009000BF401C00905028FAD308BDDC
:10EFD00030B587B014216846F1F79BFF16480168E9
:10EFE00041F080010160016801F080010591016834
:10EFF00041F48071016000680124802100F4807078
:10F0000005900020CDE90010CDE902400B4869468B
:10F01000F5F7ECFF032069462502CDE90054CDE960
:10F020000240074C2046F5F7E1FF01222946204621
:10F03000F6F7FBF807B030BDE0440258001C025858
:10F040000020025830B587B014216846F1F761FFFF
:10F050001648016841F080010160016801F08001FB
:10F060000591016841F48071016000680124032565
:10F07000694600F4807005904020CDE900040C48FA
:10F08000CDE90245F5F7B2FF082011218DE83300E4
:10F0900008486946F5F7AAFF012000F0F5F80120BD
:10F0A00000F0E8F8FFF78BFF07B030BDE0440258EE
:10F0B000001C02580020025870B500240646254660
:10F0C0006006040E012000F0D5F8FFF778FF00F08D
:10F0D000C5F808B1641CE4B2002000F0CBF8FFF7DB
:10F0E0006EFF6D1CEDB2082DEAD396B1002000F042
:10F0F000CBF8FFF764FF012000F0BCF8FFF75FFFDB
:10F10000002000F0B7F8FFF75AFF012000F0BCF82C
:10F110000EE0012000F0B8F8FFF751FF012000F0E9
:10F12000A9F8FFF74CFF002000F0A4F8FFF747FF15
:10F13000204670BD70B500240546E80900F0A4F82B
:10F14000FFF73DFF012000F095F8FFF738FF0020A2
:10F1500000F090F86806641C050EE4B2082CECD3AD
:10F16000BDE87040012000F08FB8012010B500F01C
:10F170008BF8012000F07EF8FFF721FF002000F05F
:10F1800083F8FFF71CFF002000F074F8BDE8104082
:10F19000FFF715BF002010B500F076F8FFF70FFF5E
:10F1A000012000F067F8FFF70AFF012000F06CF87B
:10F1B000BDE81040FFF703BF10B50024012000F0A8
:10F1C00063F8FFF7FCFE012000F054F8FFF7F7FEAC
:10F1D00007E0641CA4B2FA2C03D9FFF7DBFF01207F
:10F1E00010BD00F03BF80028F3D100F043F8FFF722
:10F1F000E6FE002010BD2DE9F0410E001446054644
:10F200002AD0002C28D0FFF7B0FF7020FFF792FF24
:10F21000FFF7D2FF2846FFF78DFFFFF7CDFFFFF77F
:10F22000A4FF7120FFF786FFFFF7C6FF601E0025D1
:10F23000C7B205E00120FFF73FFF691C7055CDB252
:10F24000AF42F7D80020FFF737FF311901F8010C62
:10F25000BDE8F041FFF79EBFBDE8F08104480821FA
:10F2600010B5F5F7DDFF012800D0002010BD00002B
:10F270000020025808B1012200E00022014840218C
:10F28000F5F7D3BF001C025808B1012200E00022AC
:10F2900001480821F5F7C9BF0020025870B50C4697
:10F2A0000546FFF762FF7020FFF744FFFFF784FF7A
:10F2B00058B92846FFF73EFFFFF77EFF28B92046E2
:10F2C000FFF738FFFFF778FF08B1002070BDFFF7A8
:10F2D00061FF012070BD1FB50024009401940294C9
:10F2E0000394F6F737F801208DF80C001F218DF8F4
:10F2F000081087228DF809208DF80D008DF8000088
:10F3000068468DF80A408DF80E408DF80140019452
:10F310008DF80B408DF80F40F5F7EEFF0420F6F75F
:10F3200027F8F5F79BFFFDF75FFDFCF739FDFCF7CC
:10F3300001FEFCF733FEFCF765FEFCF797FEFCF7D9
:10F34000E1FCF4F73BF8F4F7ADF8FCE72DE9F04108
:10F3500003210446C6B068A0FFF770F8D4F8B402E1
:10F360008021009066A2D4F8B83206A8F1F7B6F86A
:10F3700006AE42F67F5567A002955823CDE90006F8
:10F38000F0224C211020FFF729F894F80C0310B15B
:10F3900004F5437000E060A00090802104F53B7309
:10F3A0005EA206A8F1F79AF85FA00295CDE90006E3
:10F3B0005823F0224C214FF48870FFF70FF894F88F
:10F3C000C02294F8BE1294F8BD028DE8070094F8AC
:10F3D000BC32802157A206A804F52F74F1F77EF8FD
:10F3E0005BA04FF620578DE8C10058234C214FF405
:10F3F00080724FF40470FEF7F1FF207CA4F52F74A7
:10F4000010B104F5337000E053A0029553A15823C6
:10F41000CDE90010B22110204FF4BE72FEF7DEFFDE
:10F4200094F8AC0443F68C5110B104F2AC4000E007
:10F4300049A002914CA24FF4BC76CDE900204FF4D4
:10F44000CC78324658234046B221FEF7C7FF94F8E5
:10F45000540110B104F5AA7000E03FA0324645A166
:10F460000091CDE9010535464FF48C7648233146AD
:10F470001020FEF7B3FF94F8D40110B104F5EA7040
:10F4800000E035A02A463DA102974823CDE90010AF
:10F4900031464046FEF7A2FF41F634304FF4B771D3
:10F4A0001C23009000204FF44872FAF78AFDD4E93B
:10F4B000965694F8563204F59A71B4F8542204F131
:10F4C00098008DE86F0094F8880210B104F522735B
:10F4D00000E021A380212BA226A8F0F7FFFF002047
:10F4E0004FF2451326AA4FF4B97100901220FAF793
:10F4F00047FD46B0BDE8F081444542554700000055
:10F5000052454620256C7520205449434B20256CDC
:10F51000750000004C434400000000004D5154545D
:10F5200020257320257300004D515454205354411D
:10F530005445000041542025752053494D20257520
:10F5400020435245472025752041545420257500FD
:10F550004C363130000000004E2F41004C415354D6
:10F5600020434D44000000004C4153542052455369
:10F570005000000057494E442054580057494E440B
:10F5800020525800495020257320202573202573D0
:10F590002052257520462575205258256C7520452A
:10F5A000256C750070B5002104469EB063A0FEF77F
:10F5B00045FF94F8200008B164A000E065A0234650
:10F5C0006021009065A206A8F0F788FF94F820005B
:10F5D00010B143F68C5001E04FF24510029006AD99
:10F5E00060A16423CDE90015FA224C211020FEF71A
:10F5F000F5FED4F86402602100905CA294F82030FB
:10F6000006A8F0F76BFF5EA042F67F568DE861001A
:10F610006423FA224C214FF48A70FEF7DFFE04F1D6
:10F620004A000090602104F12A0357A206A8F0F7CF
:10F6300055FF57A14FF62050CDE9001564230290E5
:10F64000F8224C214FF40670FEF7C8FE94ED310A03
:10F65000602150A2B7EEC00A06A88DED020B94ED12
:10F66000300AB7EEC00A8DED000BF0F737FF4DA062
:10F670008DE861006423BC22BE211020FEF7AEFE9F
:10F6800094ED240A04F1F4006021B7EEC00A48A208
:10F690008DED040B029006A894ED230AB7EEC00A84
:10F6A0008DED000BF0F71AFF46A08DE86100642392
:10F6B000BC22BE21D420FEF791FE94ED360A6021D3
:10F6C00042A2B7EEC00A06A88DED000BF0F706FFC8
:10F6D00041A08DE861006423BC22BE214FF4CC70B0
:10F6E000FEF77CFE94ED350A60213CA2B7EEC00A1D
:10F6F00006A88DED000BF0F7F1FE3AA08DE8610051
:10F700006423B422BE214FF41770FEF767FE41F662
:10F71000343000901C2300204FF448724FF49E7147
:10F72000FAF74FFC002047F6EF3330A2009012208A
:10F730004FF4A071FAF724FC1EB070BD4445425549
:10F7400047204F5645525649455700004F4E4C49A9
:10F750004E4500004F46464C494E4500257320203B
:10F760002573000044455649434500004D5154540B
:10F7700020257520205253534920256400000000A5
:10F780004E4554574F524B002573202F20257300B0
:10F7900050414400252E3166432020252E30662519
:10F7A0002500000054454D502F48554D00000000E5
:10F7B000252E31666D2F732020257320252E31666E
:10F7C0006465670057494E4400000000504D322EDA
:10F7D0003520252E3066000041495200252E306626
:10F7E000252500005241494E00000000546F75630A
:10F7F0006820746F702074616273206F7220737759
:10F80000697065206C6566742F726967687420740E
:10F810006F206368616E67652070616765732E0095
:10F8200070B5012104469CB03FA0FEF707FE6021A1
:10F8300004F12A033FA203A8F0F750FE03AD42F6FD
:10F840007F563EA08DE861006423F0224C211020F9
:10F85000FEF7C4FD602104F14A033BA203A8F0F7C0
:10F860003DFE3CA08DE861006423F0224C214FF462
:10F870008870FEF7B3FD602104F16C0338A203A881
:10F88000F0F72CFE38A14FF62050CDE90015642387
:10F8900002904C214FF480724FF40470FEF79EFDED
:10F8A00094F86B006021009031A294F86A3003A8AC
:10F8B000F0F714FE34A143F68C50CDE90015642313
:10F8C0000290BE2110204FF4BE72FEF787FD94F81F
:10F8D0002900602100902EA294F8283003A8F0F7A8
:10F8E000FDFD2FA08DE861006423BE214FF4BC72A2
:10F8F0004FF4CC70FEF772FD41F6343000901C23BB
:10F9000000204FF448724FF49E71FAF75AFB002022
:10F9100041F6C30304F54B72009012204FF4A0711E
:10F92000FAF72EFB1CB070BD504144205354415493
:10F93000555300004C454654202573004C45465411
:10F9400020444F4F5200000052494748542025732D
:10F9500000000000524947485420444F4F520000D5
:10F960004D4F4445202573004D4F44450000000095
:10F97000524541445920257520204F434355504955
:10F9800045442025750000004D495353494F4E0012
:10F9900052312025752020523220257500000000AC
:10F9A00052454C41590000002DE9F0410221044626
:10F9B0009CB084A0FEF742FD94ED230A602183A24F
:10F9C000B7EEC00A04A88DED000BF0F787FD04AD7B
:10F9D00042F67F5681A08DE861005C23BC224C2159
:10F9E0001020FEF7FBFC94ED240A602104F1F403DF
:10F9F000B7EEC00A7CA204A88DED000BF0F76EFDF7
:10FA00007CA08DE861005C23BC224C21D420FEF751
:10FA1000E5FC94ED300A602179A2B7EEC00A04A893
:10FA20008DED000BF0F75AFD77A08DE861004FF4E3
:10FA3000CC785C234046BC224C21FEF7CFFC94EDF1
:10FA4000310A602172A2B7EEC00A04A88DED000B46
:10FA5000F0F744FD70A08DE861004FF417775C2348
:10FA60003846B4224C21FEF7B9FC94ED360A6021E9
:10FA70006CA2B7EEC00A04A88DED000BF0F72EFDC6
:10FA80006BA08DE861005C23BC22B8211020FEF73A
:10FA9000A5FC94ED370A602167A2B7EEC00A04A85E
:10FAA0008DED000BF0F71AFD66A08DE861005C2378
:10FAB000BC22B821D420FEF791FC94ED380A6021D5
:10FAC00062A2B7EEC00A04A88DED000BF0F706FDA8
:10FAD00062A08DE861005C234046BC22B821FEF79D
:10FAE0007DFC94ED350A60215DA2B7EEC00A04A842
:10FAF0008DED000BF0F7F2FC5BA08DE861005C235C
:10FB00003846B422B821FEF769FC94ED3A0A602128
:10FB100057A2B7EEC00A04A88DED020B94ED390A86
:10FB2000B7EEC00A8DED000BF0F7D8FC56A08DE8BB
:10FB300061004FF492765C23314610204FF4BE7280
:10FB4000FEF74CFCB4F8EC1050A2B4F89600CDE9E6
:10FB50000001B4F89430602104A8F0F7BFFC50A174
:10FB60004FF62050CDE900155C2331464FF4BC72AE
:10FB700002904046FEF732FC41F6343000901C23E0
:10FB800000204FF448724FF4C671FAF71AFA04F5E0
:10FB90008A70029094ED3C0A602144A2B7EEC00A3C
:10FBA00004A88DED000BF0F799FC002043F68C5370
:10FBB00004AA009012204FF4C871FAF7E1F91CB0C2
:10FBC000BDE8F081574541544845520057494E44DD
:10FBD00020252E3166206D2F7300000057494E44BA
:10FBE0002053504545440000257320252E316620C2
:10FBF0006465670057494E442044495200000000A4
:10FC0000252E31662043000054454D500000000071
:10FC1000252E30662025250048554D494449545924
:10FC200000000000504D322E3520252E3066000099
:10FC3000504D322E35000000504D313020252E30F1
:10FC400066000000504D313000000000434F32206C
:10FC5000252E30662070706D00000000434F32008A
:10FC6000252E3066252500005241494E0000000037
:10FC700054564F4320252E336620204348324F20D0
:10FC8000252E3366000000004741530057532025BE
:10FC9000752020574420257520205220257500000E
:10FCA00052415720494E5055540000005241494E90
:10FCB00020252E33665620205458542025730000EA
:10FCC00010B500290AD00878002807D005487844E4
:10FCD000F1F772F9002801D0002010BD02487844E5
:10FCE00010BD0000FE360000F636000010B50029F9
:10FCF0000AD00878002807D005487844F1F75CF965
:10FD0000002801D0002010BD0248784410BD00003A
:10FD1000E2370000DA3700004FF04070E1EE100AE1
:10FD20007047F1F7BFBA01000200040006000800A6
:10FD30000A000C00100020004000800000010101BA
:10FD4000010307010000080402040801010100008A
:10FD50000000010203040102030406070809000071
:10FD600001030000C01200000000010002030000B7
:10FD7000C012000000000100303132333435363714
:10FD800038394142434445460000000078330108B9
:10FD90006C33010874330108703301087C330108A7
:10FDA0008433010888330108803301080000000013
:10FDB0000000000000000000000000003F400000C4
:10FDC0000000000000003000400030004000000053
:10FDD00009000BC03D000BC03D00090018C02440C5
:10FDE0007FE0224031800000180024C01B000D80FD
:10FDF0003240018003801C4027401C8007400040A7
:10FE00001000600000000000000000000000000082
:10FE100000001F80204040200000402020401F8024
:10FE200000000000090006001F8006000900000015
:10FE3000040004003F800400040000000010006083
:10FE400000000000000000000400040004000400A2
:10FE5000040000000000004000000000000000005E
:10FE6000002001C006003800400000001F80204034
:10FE7000204020401F800000000010403FC0004094
:10FE80000000000018C0214022402440184000001B
:10FE900010802040244024401B80000002000D0000
:10FEA00011003FC0014000003C8024402440244019
:10FEB000238000001F802440244034400380000041
:10FEC0003000200027C03800200000001B802440A4
:10FED000244024401B8000001C0022C022402240FD
:10FEE0001F8000000000000008400000000000002B
:10FEF000000000000460000000000000000004009A
:10FF00000A00110020804040090009000900090092
:10FF10000900000000004040208011000A00040099
:10FF20001800200023402400180000001F802040FB
:10FF3000274029401F400000004007C039000F0043
:10FF400001C0004020403FC0244024401B800000EE
:10FF50001F802040204020403080000020403FC0D3
:10FF6000204020401F80000020403FC024402E4001
:10FF700030C0000020403FC024402E003000000070
:10FF80000F001080204022403380020020403FC0FC
:10FF9000040004003FC02040204020403FC02040DB
:10FFA000204000000060202020203FC020002000D2
:10FFB00020403FC024400B0030C0204020403FC0C4
:10FFC00020400040004000C03FC03C0003C03C0057
:10FFD0003FC0000020403FC00C4023003FC0200035
:10FFE0001F802040204020401F80000020403FC054
:10FFF00024402400180000001F802140214020E000
:020000040801F1
:100000001FA0000020403FC02440260019C000402F
:1000100018C024402440224031800000300020409D
:100020003FC020403000000020003F8000400040E2
:100030003F80200020003E0001C007003800200063
:10004000380007C03C0007C038000000204039C01D
:10005000060039C0204000002000384007C038406A
:1000600020000000304021C02640384020C0000061
:10007000000000007FE040204020000000007000F1
:100080000C000380004000000000402040207FE082
:1000900000000000000020004000200000000000E0
:1000A00000100010001000100010001000000000F0
:1000B00040000000000000000000028005400540F4
:1000C00003C0004020003FC0044004400380000003
:1000D000000003800440044006400000000003804C
:1000E000044024403FC0004000000380054005401C
:1000F00003400000000004401FC0244024402000B2
:10010000000002E0055005500650042020403FC08A
:100110000440040003C000400000044027C0004029
:100120000000000000100010041027E00000000094
:1001300020403FC00140070004C004402040204050
:100140003FC000400040000007C0040007C004009A
:1001500003C00000044007C00440040003C0004086
:10016000000003800440044003800000041007F0F6
:100170000450044003800000000003800440045049
:1001800007F00010044007C0024004000400000013
:10019000000006400540054004C0000000000400C7
:1001A0001F8004400040000004000780004004401D
:1001B00007C000400400070004C0018006000400DE
:1001C000060001C0070001C006000000044006C090
:1001D000010006C0044000000410071004E0018084
:1001E000060004000000044005C006400440000072
:1001F0000000000004007BE0402000000000000040
:100200000000FFF000000000000040207BE0040040
:10021000000000004000800040002000200040005E
:1002200000000000000000000000000000000000CE
:100230000000000000001FCC000C000000000000C7
:10024000000008003000600008003000600000007E
:10025000022003FC1E20022003FC1E2002200000BE
:1002600000000E1811043FFF10840C7800000000FD
:100270000F0010840F3800C0077818840078000041
:1002800000780F8410C411240E9800E40084000844
:10029000080068007000000000000000000000007E
:1002A00000000000000007E01818200440020000D1
:1002B000000040022004181807E0000000000000C1
:1002C0000240024001800FF0018002400240000025
:1002D0000080008000800FF8008000800080000017
:1002E0000001000D000E00000000000000000000F2
:1002F000000000800080008000800080008000807E
:100300000000000C000C00000000000000000000D5
:1003100000000006001800600180060018002000A0
:10032000000007F0080810041004080807F0000097
:100330000000080408041FFC000400040000000082
:1003400000000E0C10141024104411840E0C000038
:1003500000000C1810041104110412880C70000025
:10036000000000E00320042408241FFC00240000F7
:1003700000001F98108411041104108810700000F0
:10038000000007F0088811041104188800700000AC
:1003900000001C00100010FC13001C0010000000E6
:1003A00000000E3811441084108411440E380000EF
:1003B00000000700088C10441044088807F0000073
:1003C000000000000000030C030C0000000000000F
:1003D0000000000000010106000000000000000015
:1003E00000000080014002200410080810040000F2
:1003F000022002200220022002200220022000000F
:1004000000001004080804100220014000800000D1
:1004100000000E001200100C106C10800F00000085
:1004200003E00C1813E4142417C4082807D00000B4
:100430000004003C03C41C40074000E4001C00040E
:1004400010041FFC1104110411040E880070000038
:1004500003E00C1810041004100410081C10000015
:1004600010041FFC100410041004080807F000001A
:1004700010041FFC1104110417C410040818000014
:1004800010041FFC1104110017C010000800000028
:1004900003E00C181004100410441C780040000005
:1004A00010041FFC10840080008010841FFC1004C6
:1004B0000000100410041FFC1004100400000000D1
:1004C00000030001100110011FFE100010000000C9
:1004D00010041FFC110403801464181C1004000095
:1004E00010041FFC1004000400040004000C0000B1
:1004F00010041FFC1F0000FC1F001FFC1004000064
:1005000010041FFC0C04030000E010181FFC100076
:1005100007F00808100410041004080807F0000091
:1005200010041FFC10841080108010800F00000049
:1005300007F0081810241024101C080A07F2000005
:1005400010041FFC1104110011C011300E0C000426
:1005500000000E1C11041084108410441C3800008C
:100560001800100010041FFC1004100018000000F8
:1005700010001FF810040004000410041FF81000FD
:1005800010001E0011E0001C007013801C00100001
:100590001FC0103C00E01F0000E0103C1FC0000026
:1005A0001004180C163401C001C01634180C1004C5
:1005B00010001C00130400FC13041C0010000000B9
:1005C0000804101C1064108413041C04101800008C
:1005D0000000000000007FFE4002400240020000D8
:1005E000000030000C0003800060001C00030000CD
:1005F00000004002400240027FFE000000000000B8
:1006000000000000200040004000400020000000EA
:1006100000010001000100010001000100010001D2
:10062000000040004000200000000000000000002A
:1006300000000098012401440144014400FC00042E
:1006400010001FFC008801040104008800700000F5
:10065000000000700088010401040104008800000B
:100660000000007000880104010411081FFC000450
:10067000000000F8014401440144014400C80000A6
:100680000000010401040FFC110411041100180002
:10069000000000D601290129012901C90106000035
:1006A00010041FFC008401000100010400FC000490
:1006B00000000104190419FC0004000400000000FB
:1006C0000000000300010101190119FE00000000F3
:1006D00010041FFC0024004001B4010C01040000C0
:1006E0000000100410041FFC0004000400000000BF
:1006F000010401FC0104010001FC0104010000FCF3
:10070000010401FC008401000100010400FC00045C
:10071000000000F8010401040104010400F80000D5
:10072000010101FF00850104010400880070000040
:1007300000000070008801040104010501FF0001B0
:100740000104010401FC0084010401000180000097
:10075000000000CC012401240124012401980000A0
:1007600000000100010007F801040104000000007E
:10077000010001F8000400040004010801FC000469
:10078000010001800170000C001001600180010077
:1007900001F0010C003001C00030010C01F001003B
:1007A00000000104018C00740170018C0104000040
:1007B000010101810171000E00180160018001003A
:1007C00000000184010C013401440184010C00008B
:1007D000000000000000000001003EFC400240025A
:1007E0000000000000000000FFFF0000000000000B
:1007F0000000400240023EFC01000000000000003A
:1008000000006000800080004000400020002000C8
:1008100000000000000000000000000000000000D8
:1008200000000000000000000000000000000000C8
:1008300000000000000000000000000000000000B8
:100840000000000F80380FFE380F803800000000D5
:100850000000000000000000000000000000010097
:10086000000600000C000038000031000006000007
:100870000C00003800003000000000000000000004
:1008800061800067F807F980006180006180006185
:10089000800061800067F807F98000618000000037
:1008A00000000000000001C0E003E0F00630080492
:1008B00018081FFFFE040E080787F00381E0000000
:1008C0000000000001F000060C00040408060C7093
:1008D00001F9C0000E00003BE000EC180708080416
:1008E0000C180003E00000000001E00007F003F82E
:1008F00018041C0804170807E1D003C0E00023B067
:10090000003C08002008000010000000000000016A
:1009100000003100003200001C0000000000000058
:1009200000000000000000000000000000000000C7
:1009300000000000000000000000000000000000B7
:100940007F0001FFC00780F00C0018100004200099
:10095000020000000000002000021000040C00183B
:100960000780F001FFC0007F0000000000000000D1
:1009700000000000000000000000000042000066CF
:1009800000006600003C0000180003FFC0001800D3
:10099000003C00006600006600004200000000000D
:1009A000080000080000080000080000080001FF1F
:1009B000C00008000008000008000008000008004F
:1009C00000000000000100003100003200001C00A7
:1009D0000000000000000000000000000000000017
:1009E00000000000000000000800000800000800EF
:1009F00000080000080000080000080000080000CF
:100A000008000008000000000000000000000000D6
:100A1000380000380000380000000000000000002E
:100A200000000000000000000000000000000000C6
:100A3000000600001C000070000180000E0000385D
:100A40000000C0000700001C000030000000000093
:100A5000000000007F8001FFE003807006001804A2
:100A6000000804000806001803807001FFE0007F02
:100A700080000000000000000000010008010008E4
:100A800001000803FFF807FFF80000080000080055
:100A9000000800000000000000000001C03802C093
:100AA00058040098040118040218040418061C18BD
:100AB00003F81801E0F80000000000000000000149
:100AC000C0E003C0F0040008040808040808061881
:100AD0000803F41801E7F00001E000000000000046
:100AE000000000000300000D000011000061000084
:100AF000810803010807FFF80FFFF8000108000153
:100B0000080000000000000000E007FCD006080814
:100B1000061008061008061008061838060FF0061A
:100B200007C0000000000000000000003F8001FF3F
:100B3000E0038430020818041008041008041008A8
:100B4000071810030FF00007C000000000000000AD
:100B5000000003C0000700000600000600F80607BA
:100B6000F806180006E0000700000600000000007C
:100B700000000001E1E003F7F00634100418080457
:100B80001808040C08040C0806161803F3F001C139
:100B9000E000000000000000F80003FC300306380D
:100BA0000402080402080402080404100308F00107
:100BB000FFC0007F000000000000000000000000F7
:100BC000000000000000000070380070380070382D
:100BD0000000000000000000000000000000000015
:100BE000000000000000000000000000301A00308B
:100BF0001C000000000000000000000000000000D9
:100C000000000000000000080000140000220000A6
:100C10004100008080010040020020040010080014
:100C20000800000000000000210000210000210059
:100C3000002100002100002100002100002100000F
:100C4000210000210000000000000000000008005A
:100C500008040010020020010040008080004100D4
:100C60000022000014000008000000000000000343
:100C7000C00004C000040000080038080F3808084D
:100C8000380810000C300007E00003C0000000002E
:100C9000000000003F8000FFE0038070020F10069C
:100CA000708804C088048308047F8802C090030110
:100CB0002000FE400000080000180001F8003E0877
:100CC00001C20007020007E20000FE00001FC8008A
:100CD00001F800003800000804000807FFF807FFCB
:100CE000F804080804080804080804080806180896
:100CF00003F41801E7F00001E0000000000000002C
:100D00003F8001FFE0038070020018040008040027
:100D1000080400080400100600200780C00000003E
:100D200004000807FFF807FFF8040008040008049F
:100D3000000804001802001003807001FFE0007F2B
:100D40008000000004000807FFF807FFF804080807
:100D5000040808040808040808043E0804000806FB
:100D6000001801006000000004000807FFF807FFFA
:100D7000F8040808040800040800040800043E0001
:100D800006000006000001800000000000000000D6
:100D90003F8001FFE0038070060018040008040291
:100DA000080402080203F00783F0000200000200BA
:100DB00004000807FFF807FFF8040808000800000F
:100DC000080000080000080004080807FFF807FFF3
:100DD000F8040008000000000000040008040008F7
:100DE00004000807FFF807FFF804000804000804DF
:100DF00000080000000000000000000000060000E5
:100E00000700000104000104000104000307FFFEC5
:100E100007FFFC04000004000004000004000807B1
:100E2000FFF807FFF8040C08001800003E0004C794
:100E3000800503C80600F804003804001800000804
:100E400004000807FFF807FFF80400080000080086
:100E5000000800000800000800000800001800005A
:100E60006000000004000807FFF807800807FC0086
:100E7000007FC00003F80007C00078000780080763
:100E8000FFF807FFF804000804000807FFF8070050
:100E90000803C00000E000003800001E000007004A
:100EA0000001C00400F007FFF8040000000000008B
:100EB0007F8001FFE0038070060018040008040032
:100EC0000806001803003001FFE0007F80000000EA
:100ED00004000807FFF807FFF804040804040004EE
:100EE0000400040400040400060C0003F80001F0F0
:100EF00000000000000000007F8001FFE003807020
:100F00000600880400880400C806003C03003E0177
:100F1000FFE6007F8400000004000807FFF807FFD9
:100F2000F8040808040800040C00040F00040BC0B7
:100F30000610F003F03801E008000008000000018E
:100F4000E0F803F030063010041808041808040C08
:100F500008040C080206180207F00781E0000000F0
:100F600001800006000004000004000004000807DF
:100F7000FFF807FFF8040008040000040000060062
:100F80000001800004000007FFE007FFF0040018E4
:100F90000000080000080000080000080000080425
:100FA000001007FFE004000004000006000007E056
:100FB0000007FE00041FE00001F80000380001E017
:100FC000043E0007C0000600000400000400000703
:100FD000E00007FFC0041FF80007C007F80007FF84
:100FE00080043FF80007C004F80007000004000078
:100FF00000000004000806001807C07805F1C800CA
:101000003E00001F800463E80780F8060018040013
:101010000800000004000006000007800007E00848
:10102000047C08001FF80007F800180804E008070F
:101030000000060000040000000000010008060097
:10104000380400F80403E8040F08047C0805F008DD
:1010500007C008070018040060000000000000003E
:1010600000000000000000000000003FFFFE200024
:1010700002200002200002200002200002000000E6
:1010800000000000000008000007000000C0000091
:1010900038000006000001C000003000000E000013
:1010A00001000000000000000000200002200002FB
:1010B0002000022000022000023FFFFE000000008E
:1010C0000000000000000000000000000000000020
:1010D0000008000010000030000020000030000078
:1010E00010000008000000000000000000000100E7
:1010F00000010000010000010000010000010000EB
:1011000001000001000001000001000001000001D9
:10111000000000000000000000200000200000107F
:1011200000001000000000000000000000000000AF
:10113000000000000000000000F00019F8001B187B
:10114000002208002608002408002410003FF800B0
:101150001FF800000800001800000004000007FF4E
:10116000F80FFFF0001818001008002008002008F1
:10117000003018001FF0000FC00000000000000049
:1011800007C0001FF00018300020080020080020D1
:1011900008003C08001C1000006000000000000077
:1011A0000000000007C0001FF000381800200800F1
:1011B000200800200804101007FFF80FFFF00000BF
:1011C000100000000000000000000007C0001FF039
:1011D0000012300022180022080022080032080005
:1011E0001E10000E20000000000000002000002063
:1011F0000800200801FFF803FFF806200804200873
:101200000420080720000300000000000000000088
:10121000000E000E6E001FF30031B10020B100205F
:10122000B1003191001F13002E1E00200E0030006F
:1012300000000004000807FFF80FFFF80010080086
:101240002000002000002008003FF8001FF80000E8
:101250000800000000000000000000200800200836
:10126000002008063FF8063FF800000800000800CC
:101270000008000000000000000000000000000066
:1012800003000003002001002001002003063FFEB0
:10129000063FFC0000000000000000000000000409
:1012A000000807FFF80FFFF8000188000300002F77
:1012B000C00038F8002038002008000008000000B6
:1012C00000000000000004000804000804000807F3
:1012D000FFF80FFFF80000080000080000080000F9
:1012E00000000000002008003FF8003FF800100850
:1012F000002000003FF8003FF80010080020000028
:101300003FF8003FF8000008000000002008003F00
:10131000F8003FF80010080010000020000020082E
:10132000003FF8001FF80000080000000000000067
:1013300007C0000FF000183000300800200800201F
:1013400008003008001830000FF00007C00000004F
:10135000000000002001003FFF003FFF00101100CF
:101360002009002008002008003038001FF0000F7E
:10137000C00000000000000007C0001FF000381887
:10138000002008002008002009001011001FFF00A5
:101390003FFF00000100000000200800200800209E
:1013A00008003FF8003FF800080800100800200877
:1013B00000200000300000300000000000000000AD
:1013C0000000000C78001E180033080023080021DC
:1013D000080021880021980030F0003860000000EB
:1013E00000000000200000200000200000FFF003AB
:1013F000FFF800200800200800200800003000004E
:1014000000000000000000002000003FF0007FF816
:10141000000018000008000008002010003FF8003D
:101420007FF00000100000000000000020000030ED
:1014300000003C00003F800023F0000078000070B6
:10144000002380003C00003000002000002000004D
:101450003C00003FE00023F80000E0002700003ED1
:1014600000003FE00021F80001E0003E0000200005
:10147000000000002008002008003838003E680006
:1014800027800003C8002CF80038380020180020FE
:1014900008000000000000002000003003003C01B4
:1014A000003F830023EC000070002380003C00001C
:1014B00020000020000000000000000000000038B4
:1014C000080020380020F80023E8002F88003E089C
:1014D0000038080020180000700000000000000024
:1014E00000000000000000000000000008000014E0
:1014F000001FF7FC30000620000200000000000082
:1015000000000000000000000000000000000000DB
:101510000000FFFFFF0000000000000000000000CE
:101520000000000000000000000020000230000663
:101530001FF7FC001400000800000000000000007D
:101540000000000000000000000000180000600023
:1015500000400000400000200000100000080000D3
:101560000400000400000C00001000000000000057
:10157000000000000000000000000000000000006B
:10158000000000000000000000000000000000005B
:10159000000000000000000000000000000000004B
:1015A000000000000000000000000000000000003B
:1015B000000000000000000000000000000000002B
:1015C0000000000007F000C007FFE1E007F001E0C5
:1015D000000000C00000000000000000000000004B
:1015E00000000000000000000000000000000000FB
:1015F000000000000020000001C000000780000083
:101600001F0000001E0000001C20000001C00000A0
:10161000078000001F0000001E0000001C000000EA
:1016200000000000000000000000000000000000BA
:1016300000180C0000180C0000180FE0001FFC0040
:1016400003F80C0000180C0000180C0000180C0027
:1016500000180C0000180FE0001FFC0003F80C003D
:1016600000180C0000180C00000000000000000032
:101670000000000000000780007807C000FC064062
:10168000010E002003070020020380200FFFFFFC53
:101690000201C0200200E0600130704001F03F8094
:1016A00000F01F00000000000000000000FE00002D
:1016B00001FF00000301800002008060030181C07F
:1016C00001FF070000FE18000000E0000003BF005B
:1016D000000CFFC00071806001C100200301806028
:1016E0000000FFC000003F000000000000001F00DD
:1016F00000007FC000FCC0C001FF80600303E02049
:101700000202782002061E2003FC074001F003803D
:10171000000103C000011C600001E0200001002066
:1017200000010040000001800000000000000000F7
:10173000002000001C6000001C4000001F80000012
:101740000F0000000000000000000000000000008A
:101750000000000000000000000000000000000089
:101760000000000000000000000000000000000079
:101770000000000000000000000000000000000069
:1017800000000000000000000007F800003FFF001C
:10179000007807C001C000E003000030040000082A
:1017A000080000041000000200000000000000001B
:1017B00010000002080000040400000803000030CC
:1017C00001C000E0007807C0003FFF000007F800FC
:1017D0000000000000000000000000000000000009
:1017E00000000000000000000000000000000000F9
:1017F00000000000000C1800000E3800000E380039
:1018000000063000000360000061438000FFFF809D
:10181000006143000003600000063000000E380045
:10182000000E3800000C180000000000000000004E
:101830000000000000008000000080000000800028
:10184000000080000000800000008000007FFF009A
:101850000000800000008000000080000000800088
:101860000000800000008000000000000000000078
:1018700000000001000000E3000000E2000000FCA6
:1018800000000078000000000000000000000000E0
:101890000000000000000000000000000000000048
:1018A0000000000000000000000000000000000038
:1018B0000000800000008000000080000000800028
:1018C0000000800000008000000080000000800018
:1018D0000000800000008000000080000000800008
:1018E00000008000000080000000000000000000F8
:1018F00000000000000000C0000001E0000001E066
:10190000000000C000000000000000000000000017
:1019100000000000000000000000000000000000C7
:1019200000000000000000000000000000000000B7
:101930000000000C00000038000000E00000038000
:1019400000000E00000038000000E00000038000EE
:10195000000E00000038000000E0000003800000DE
:101960000E00000018000000000000000000000051
:1019700000000000000FF800007FFF0000F007806B
:10198000018000C00300006002000020020000206F
:101990000200002003000060018000C000E003801E
:1019A000007FFF00000FF8000000000000000000B2
:1019B00000000000000000000080002000800020E7
:1019C000008000200080006001FFFFE003FFFFE0D7
:1019D0000000006000000020000000200000002047
:1019E00000000000000000000000000000000000F7
:1019F00000000000007800E0009801600100026033
:101A00000200046002000860020010600200206012
:101A100002004060030080600183006001FE00E07E
:101A2000007C0780000000000000000000000000B3
:101A30000000000000F0078001F007C00100004036
:101A4000020000200201002002010020020100200B
:101A5000030380200186804001FCC0C000787F80A5
:101A600000001E0000000000000000000000000058
:101A70000000080000003800000048000001880055
:101A800000060800000C0810003008100040081084
:101A900001FFFFF003FFFFF003FFFFF0000008105D
:101AA0000000081000000810000000000000000006
:101AB0000000000000000780001F864003E10020B6
:101AC000030200200304002003040020030400207C
:101AD0000304002003060040030301C00301FF804C
:101AE00003007E0000000000000000000000000075
:101AF000000000000007FC00003FFF000070C380F2
:101B0000008180C001010060030200200202002069
:101B100002020020020200200203004001C180C036
:101B200000C0FF8000007E000000000000000000F8
:101B30000000000000F0000003C00000038000006F
:101B400003000000030007E003003FE00301C000C2
:101B5000030600000318000003600000038000007B
:101B60000300000000000000000000000000000072
:101B700000001F0000783F8000FC60C0018EC04064
:101B80000307802002030020020180200201802040
:101B90000201C0200301E040018670C000FC3F80CC
:101BA00000781F000000000000000000000000009E
:101BB000003F000000FF81C001C0C1C001006020E3
:101BC00002002020020020200200202002002060CD
:101BD000020040C00100C18000C18F00007FFE00F4
:101BE000001FF000000000000000000000000000E6
:101BF00000000000000000000000000000000000E5
:101C000000000000000300C0000781E0000781E041
:101C1000000300C000000000000000000000000001
:101C200000000000000000000000000000000000B4
:101C300000000000000000000000000000000000A4
:101C400000000000000600660006007800000000AA
:101C50000000000000000000000000000000000084
:101C60000000000000000000000000000000000074
:101C700000000000000080000001C00000036000C0
:101C800000063000000C180000180C0000300600A0
:101C90000060030000C0018001000040020000203D
:101CA0000400001000000000000000000000000020
:101CB00000041000000410000004100000041000D4
:101CC00000041000000410000004100000041000C4
:101CD00000041000000410000004100000041000B4
:101CE00000041000000410000000000000000000CC
:101CF000000000000400001002000020010000406D
:101D000000C00180006003000030060000180C00D5
:101D1000000C180000063000000360000001C00045
:101D20000000800000000000000000000000000033
:101D3000000000000078000001F8000002380000F8
:101D400002000000040000C0040079E0040081E00B
:101D5000040100C0040300000202000003060000AA
:101D600001FC000000F8000000000000000000007E
:101D7000000FF800003FFE000070078000C000C0A8
:101D80000101F8400307FC20021E04200230082055
:101D900002203020023FFC20013F044001800CC0A3
:101DA00000E03180001FC2000000000000000020A1
:101DB00000000060000003E000003E200003E0207F
:101DC000003E200003E020000380200007FC2000EC
:101DD000003FE0000003FE2000003FE0000001E0C3
:101DE00000000020000000200000000000000000B3
:101DF000020000200200002003FFFFE003FFFFE0DD
:101E00000201002002010020020100200201002046
:101E100002010020030300200186806001FCC0C095
:101E200000F87F8000001F0000000000000000009C
:101E30000007F800003FFF000070078000C000C0EE
:101E400001000040030000200200002002000020EA
:101E5000020000200200002001000040018000C0BC
:101E600003C00180003006000000000000000000F8
:101E7000020000200200002003FFFFE003FFFFE05C
:101E800002000020020000200200002002000020CA
:101E90000300006001000040018000C000F00780E6
:101EA000007FFE00000FF8000000000000000000AE
:101EB000020000200200002003FFFFE003FFFFE01C
:101EC0000201002002010020020100200201002086
:101ED0000201002002038020020FE02003000060C6
:101EE00003C000E0006003000000000000000000EC
:101EF000020000200200002003FFFFE003FFFFE0DC
:101F00000201002002010020020100000201000085
:101F1000020100000201000002038000030FE00044
:101F20000300000003C0000000600000000000008B
:101F30000007F800003FFE000070078001C001C0EC
:101F400001000040030000200200002002000020E9
:101F500002000020010020200100204003C03F803B
:101F600000303F8000002000000020000200002020
:101F70000200002003FFFFE003FFFFE002008020DB
:101F8000020080200000800000008000000080002F
:101F9000020080200200802003FFFFE003FFFFE03B
:101FA00002000020020000200000000000000000ED
:101FB00000000000000000000200002002000020DD
:101FC000020000200200002003FFFFE003FFFFE00B
:101FD0000200002002000020020000200200002079
:101FE00000000000000000000000000000000000F1
:101FF0000000000E0000000F0000000F00000001B4
:1020000002000001020000010200000302000006BD
:1020100003FFFFFC03FFFFF80200000002000000C6
:1020200002000000020000000000000000000000AC
:10203000020000200200002003FFFFE003FFFFE09A
:102040000200C0200201002000078000000FE00015
:102050000030F80002603E2003800F20030003E000
:10206000020000E00200002000000020000000004C
:10207000020000200200002003FFFFE003FFFFE05A
:1020800002000020020000200000002000000020CC
:102090000000002000000020000000200000006080
:1020A000000000E00000030000000000020000202B
:1020B0000200002003FFFFE003E0002003FF0020F8
:1020C000001FF0000001FF8000000FE000001E0074
:1020D0000003E000003E002003E0002003FFFFE0DB
:1020E00003FFFFE0020000200200002002000020A9
:1020F0000200002003FFFFE00380002003F0002027
:1021000000FC0000001F00000007C0000001F000FC
:1021100000007C0002001F80020007E003FFFFE0D8
:1021200002000000020000000000000000000000AB
:10213000000FF800003FFE0000F00780018000C0A3
:1021400001000040020000200200002002000020E8
:102150000200002001000040018000C000F0038068
:10216000003FFE00000FF80000000000000000002B
:10217000020000200200002003FFFFE003FFFFE059
:102180000200802002008020020080000200800007
:102190000200800002008000030180000183000033
:1021A00000FE0000007C00000000000000000000B5
:1021B000000FF800007FFF0000F00380018001C0E5
:1021C0000100064002000420020004200200062054
:1021D000020003E0010000F80180005C00E0038CD5
:1021E000003FFF0C000FFC18000000000000000082
:1021F000020000200200002003FFFFE003FFFFE0D9
:102200000201002002010020020180000201E00022
:102210000201FC0003033F80018607E001FC00E0AF
:1022200000F8002000000020000000000000000076
:10223000000000000078060000FE01E0018600C0FA
:1022400003030040020300200201802002018020DD
:102250000201C0200200C0200100E060018070C0C7
:1022600003E03F8000001F000000000000000000AD
:102270000060000003800000030000000200000076
:10228000020000200200002003FFFFE003FFFFE048
:1022900002000020020000200200000002000000F6
:1022A0000380000000E000000000000002000000C9
:1022B0000200000003FFFF0003FFFFC00200004018
:1022C000020000600000002000000020000000204C
:1022D00000000020020000400200008003FFFF0019
:1022E00002000000020000000000000000000000EA
:1022F000020000000200000003C0000003FC000018
:10230000023FC0000003F80000007F80000007E0EB
:1023100000000780000078000203C000023C0000BB
:1023200003C00000020000000200000002000000E4
:1023300003C0000003FF8000023FFE0002007FE0B8
:1023400000000F000200F00003EF000003FF800018
:10235000020FFE0000003FE000001F000207E00047
:1023600003F800000300000002000000000000006D
:102370000200002002000020038000E003F00320A0
:1023800002FC0C20021F30000007C0000007F00014
:1023900002187C0002601F20038003E0020000E0BE
:1023A00002000020000000200000000000000000EB
:1023B000020000000300000003C0000003F800005A
:1023C000023E0020020FC0200001FFE000007FE07D
:1023D00000038020021C0020027000000380000027
:1023E00002000000020000000000000000000000E9
:1023F00000000020006000E0038003E003000FA065
:1024000002003E200200F8200203E020020F80209C
:10241000023E00200278002003E00060038000E01C
:1024200002000300000000000000000000000000A7
:10243000000000000000000000000000000000009C
:10244000000000001FFFFFFC10000004100000044B
:10245000100000041000000410000004100000042C
:102460001000000400000000000000000000000058
:1024700000000000000000000700000003C0000092
:1024800000780000001E00000003C0000000F00003
:1024900000001E0000000780000000F00000003C6B
:1024A0000000000600000000000000000000000026
:1024B00000000000100000041000000410000004E0
:1024C00010000004100000041000000410000004BC
:1024D0001FFFFFFC000000000000000000000000E3
:1024E00000000000000000000000000000000000EC
:1024F00000000000000000000000000002000000DA
:102500000400000008000000180000001000000097
:102510001800000018000000040000000200000085
:1025200000000000000000000000000000000001AA
:102530000000000100000001000000010000000197
:102540000000000100000001000000010000000187
:102550000000000100000001000000010000000177
:102560000000000100000001000000010000000068
:10257000000000000000000010000000100000003B
:102580001000000018000000080000000400000017
:10259000000000000000000000000000000000003B
:1025A000000000000000000000000000000000002B
:1025B0000000038000018FC000038C60000618201B
:1025C00000041020000410200004202000042040FB
:1025D000000620400003FFC00001FFE000000020D3
:1025E00000000020000000C000000000000000000B
:1025F000020000000200000003FFFFE007FFFFC031
:10260000000180C0000200600002002000040020E1
:10261000000400200004002000060040000300C069
:102620000001FF800000FE0000000000000000002C
:102630000000000000007E000001FF80000381C058
:1026400000020040000600200004002000040020DA
:1026500000040020000600200003C0400001C080EC
:102660000000030000000000000000000000000067
:102670000000000000007E000001FF80000380C019
:102680000006006000040020000400200004002078
:10269000020400400202008003FFFFE007FFFFC0CA
:1026A00000000040000000400000000000000000AA
:1026B0000000000000007E000001FF80000311C048
:1026C00000021040000410600004102000041020DC
:1026D0000004102000061020000310400001F0C08C
:1026E0000000710000000000000000000000000079
:1026F000000000000004000000040020000400208E
:1027000000040020007FFFE001FFFFE00104002043
:102710000304002002040020020400200204000040
:102720000200000001C0000001C000000000000025
:10273000000000000000001C0000E33E0003FFC298
:1027400000020CC3000404C1000404C1000404C15D
:10275000000404C100060CC10003F8C30005F062C8
:102760000006007E0006003C0000000000000000A3
:10277000020000200200002003FFFFE007FFFFE04F
:1027800000010020000200200006000000040000FC
:102790000004000000040020000600200003FFE009
:1027A0000001FFE000000020000000200000000009
:1027B00000000000000000000004002000040020D1
:1027C00000040020000400200387FFE0038FFFE0E7
:1027D00003800020000000200000002000000020F6
:1027E00000000000000000000000000000000000E9
:1027F00000000000000000000000000600000007CC
:1028000000000001000000010004000100040001BC
:1028100000040003000400060387FFFC038FFFF899
:102820000380000000000000000000000000000025
:10283000020000200200002003FFFFE007FFFFE08E
:102840000000082000001020000030000000FC0004
:1028500000058E00000707A0000601E0000400E06C
:102860000004002000000020000000000000000024
:102870000000000000000000020000200200002014
:10288000020000200200002003FFFFE007FFFFE03E
:1028900000000020000000200000002000000020B8
:1028A0000000000000000000000000000000000028
:1028B000000400200007FFE0000FFFE000020020FE
:1028C00000040000000400200007FFE00003FFE018
:1028D0000002002000040000000400200007FFE0C8
:1028E0000003FFE0000000200000000000000000E6
:1028F00000040020000400200007FFE0000FFFE0BC
:10290000000100200002002000020000000400007E
:102910000004000000040020000600200003FFE087
:102920000001FFE000000020000000200000000087
:102930000000000000007E000000FF80000381C056
:1029400000020040000600200004002000040020D7
:10295000000400200006002000020040000381C0A7
:102960000001FF8000007E00000000000000000069
:1029700000040001000400010007FFFF000FFFFF3B
:10298000000100C1000200410004002000040020FA
:10299000000400200004002000060040000301C0E5
:1029A0000001FF8000007E00000000000000000029
:1029B0000000000000007E000001FF80000380C0D6
:1029C0000002006000040020000400200004002039
:1029D0000004002000020041000300C10003FFFFCB
:1029E0000007FFFF000000010000000100000000E0
:1029F0000004002000040020000400200004002047
:102A0000000FFFE0000FFFE00000C02000010020E9
:102A10000002002000060020000400000004000066
:102A2000000700000003000000000000000000009C
:102A300000000000000003E00001C0E00003E040EF
:102A40000006302000043020000418200004182064
:102A50000004182000040C2000020C60000307C0D2
:102A6000000783800000000000000000000000005C
:102A7000000000000004000000040000000400004A
:102A8000000C0000001FFF8000FFFFC0000400607A
:102A90000004002000040020000400200004004086
:102AA00000000180000000000000000000000000A5
:102AB00000040000000400000007FF80000FFFC0BA
:102AC0000000006000000020000000200000002046
:102AD0000000002000040040000400800007FFE028
:102AE000000FFFC000000040000000400000000098
:102AF0000004000000040000000780000007F00050
:102B00000004FE0000041FC0000003E0000003807A
:102B100000001C00000460000007800000060000A8
:102B2000000400000000000000000000000400009D
:102B3000000600000007C0000007FC0000043F8002
:102B4000000003E000040F800006F0000007F00022
:102B50000007FF8000040FE00000038000043C0039
:102B60000007C00000060000000400000000000094
:102B7000000000200004002000040060000700E0C6
:102B8000000783200007E6000004F80000003C0076
:102B900000045E20000587A0000601E0000400603C
:102BA00000040020000000200000000000000000E1
:102BB0000004000000040003000700030007E00118
:102BC0000004F80100041F02000007FC000000E000
:102BD00000000700000438000007C00000060000E5
:102BE00000040000000400000000000000000000DD
:102BF0000000000000078060000600E0000403E021
:102C0000000407A000040E2000043C2000047020F3
:102C10000005E0200007802000070060000400E0BD
:102C20000000038000000000000000000000000021
:102C30000000000000000000000000000000000094
:102C40000000000000000000000080000000800084
:102C50000001400007FE3FF80800000410000002D9
:102C60001000000200000000000000000000000052
:102C70000000000000000000000000000000000054
:102C8000000000000000000000000000FFFFFFFF48
:102C90000000000000000000000000000000000034
:102CA0000000000000000000000000000000000024
:102CB00000000000100000021000000208000004E4
:102CC00007FE3FF800014000000080000000800087
:102CD00000000000000000000000000000000000F4
:102CE00000000000000000000000000000000000E4
:102CF000180000003000000040000000400000000C
:102D0000400000002000000030000000080000002B
:102D100004000000020000000200000002000000A9
:102D20000C0000001800000000000000000000007F
:102D30000000000030313233343536373839414203
:102D4000434445464030580030313233343536370D
:102D500038396162636465664030780004000008B9
:102D60000000000000000002000100001000000050
:102D700002400000000000A000000000054000002C
:102D8000000000C8000000000C4000000000409C53
:102D900000000000194000000020BCBE0000000040
:102DA00034400000BFC91B8E00000004B540000085
:102DB000504BCFD06607E2CF010000006C4100000D
:102DC0003E8251AADFEEA73401000000D942000084
:102DD000DCB5A0E23A301F97FFFFFFFFB4450000CB
:102DE000FD25A0C8E9A3C14FFFFFFFFFFF3F000083
:102DF0000000008000000000FF3F00000000008095
:102E0000000000004D515454206175746F207265AC
:102E1000636F6E6E65637420697320656E61626CAA
:102E200065642028706175736564207768696C65D6
:102E300020636F6E736F6C652069732061637469C2
:102E40007665290D0A00000041543D25642C20536D
:102E5000494D3D25642C20525353493D25642C2077
:102E60004245523D25642C20435245473D25642C64
:102E70002043475245473D25642C20434741545445
:102E80003D25642C204F503D25732C2049503D2575
:102E9000730D0A0052313D25732C52323D25732C9F
:102EA00041543D25642C53494D3D25642C525353C8
:102EB000493D25642C435245473D25642C434752E8
:102EC00045473D25642C43474154543D25642C4FD0
:102ED000503D25732C49503D257300000D0A5B556C
:102EE00053415254365D20646562756720636F6E8E
:102EF000736F6C65207265616479204031313532C1
:102F0000303020286D7174742D6D697063616C6C44
:102F10002D6669782D75617274362D7631290D0A0A
:102F200000000000436F6D6D616E64733A20415480
:102F30005241572C2053454C46544553542C204E57
:102F40004554494E49542C204D515454494E4954EE
:102F50002C204D515454434C4F53452C2053544135
:102F60005455530D0A3E200041542B4D49504341C6
:102F70004C4C3D312C222573220D0A0041542B4D1F
:102F8000515454434F4E4E3D312C222573220D0A8D
:102F90000000000041542B4D495043414C4C3D3101
:102FA0000D0A00005B4D5154545D204578706C69EA
:102FB0006369742073657373696F6E20636F6E6EDF
:102FC00065637420756E7265736F6C766564206FCF
:102FD0006E2063757272656E74206669726D7761BA
:102FE00072650D0A000000005B4D5154545D204D88
:102FF0005154544F50454E206973207573656420B9
:1030000061732073657373696F6E2D726561647986
:10301000207374617465206F6E2063757272656EC3
:1030200074206669726D776172650D0A0000000098
:103030005B4D5154545D20544C53206D6F6465209A
:10304000757365732062726F6B65722D7369646549
:103050002064656661756C74732C20475453534C1F
:103060004D4F444520726573657276656420666FC6
:10307000722066757475726520657870616E73690B
:103080006F6E0D0A0000000041542B4D5154544303
:103090004F4E4E3D312C222573222C25752C257543
:1030A0000D0A000052315F4F4646000052325F4F1A
:1030B00046460000414C4C5F4F46460052315F4F40
:1030C0004E00000052325F4F4E000000414C4C5FFA
:1030D0004F4E000053544154555300007B227479E5
:1030E0007065223A2261636B222C226D73675F69DF
:1030F00064223A222573222C226465766963655F17
:103100006964223A222573222C22636D64223A22BA
:103110002573222C22726573756C74223A222573F2
:10312000222C2264657461696C223A222573222C58
:103130002272656C617931223A25752C2272656C98
:10314000617932223A25752C2274696D6573746138
:103150006D70223A222573227D0000007B22747953
:103160007065223A22737461747573222C2264652F
:10317000766963655F6964223A222573222C226F87
:103180006E6C696E65223A25752C2272656C6179C8
:1031900031223A25752C2272656C617932223A25EA
:1031A000752C2272737369223A25642C226F706524
:1031B0007261746F72223A222573222C2269702266
:1031C0003A222573222C227374617465223A2225D7
:1031D00073222C227469636B223A256C752C227041
:1031E000726F746F636F6C5F70726F66696C65226B
:1031F0003A22616972706F72745F7061645F7631D8
:10320000222C2274696D657374616D70223A2225D7
:1032100073222C226E6574223A7B227273736922A8
:103220003A25642C226F70657261746F72223A22A3
:103230002573222C226970223A222573227D2C22AA
:10324000706164223A7B226C6566745F737461748A
:1032500065223A222573222C2272696768745F7393
:1032600074617465223A222573222C22726561648E
:1032700079223A25752C226F636375706965642223
:103280003A25752C226D6F6465223A222573227DC2
:103290002C2277656174686572223A7B2277696EA9
:1032A000645F7370656564223A252E32662C22773E
:1032B000696E645F646972656374696F6E223A2532
:1032C0002E32662C2274656D70657261747572653C
:1032D000223A252E32662C2268756D6964697479EC
:1032E000223A252E32662C227072657373757265D0
:1032F000223A252E32662C227669736962696C69DE
:103300007479223A252E32662C227261696E5F64CE
:1033100065746563746564223A25752C227261694F
:103320006E5F76616C7565223A252E32662C2270AE
:103330006D3235223A252E32662C22706D313022C4
:103340003A252E32662C22636F32223A252E3266BF
:103350002C2274766F63223A252E34662C22636801
:10336000326F223A252E34667D7D00004E450000E6
:1033700053450000450000004E00000053000000CF
:103380004E570000535700005700000050414400C2
:1033900044454255470000005745415448455200B6
:1033A0004F5645525649455700000000F834010871
:1033B0000000002410010000D402000808360108B3
:1033C00010010024B0BD0000F00200081001000050
:1033D00043000000F8FFFFFF0040404040404040F5
:1033E00040404141414141404040404040404040D8
:1033F000404040404040404040050202020202027C
:1034000002020202020202020220202020202020CA
:1034100020202002020202020202909090909090DE
:10342000101010101010101010101010101010109C
:103430001010101002020202020288888888888810
:1034400008080808080808080808080808080808FC
:103450000808080802020202400000000000000004
:10346000000000000000000000000000000000005C
:10347000000000000000000000000000000000004C
:10348000000000000000000000000000000000003C
:10349000000000000000000000000000000000002C
:1034A000000000000000000000000000000000001C
:1034B000000000000000000000000000000000000C
:1034C00000000000000000000000000000000000FC
:1034D0000000000000000000000000001C000000D0
:1034E00043000000F8FFFFFF0C0000000E0000008A
:1034F0000F0000002E00000000000000000000008F
:103500000100000010000000000000000090D00347
:103510000090D00300000000000000000000000048
:10352000000000000000000000000000000000009B
:10353000000000000000000000000000000000008B
:103540000000000000000100000001010000000078
:10355000000000000000000000000000000000006B
:10356000000000000000000000000000000000005B
:103570000000000000000000942F0108682F0108DF
:103580007C2F010888300108B4300108CC300108D4
:10359000A4300108BC300108AC300108C430010877
:1035A000D43001080000000000000000000000000E
:1035B000000000000000000000000000000000000B
:1035C000000000000000000000FF000000000000FC
:1035D000000000000000000000FF7F470000000026
:1035E00004000000A03301088C330108983301085F
:1035F00090330108000100000000000000000000FE
:083600000000000000000000C2
:040000050800029954
:00000001FF
